Latitude,Longitude,PTrain_LC1
24.6,72.72,4.82
10.33,79.38,2.19
23.88,91.25,3.72
10.85,72.47,2.05
27.17,78.03,3.04
13.5,75.1,3.26
23.07,72.63,3.29
19.08,74.8,3.85
26.45,74.62,3.44
20.7,77.03,3.3
20.7,77.07,3.34
9.55,76.42,2.01
18.63,72.87,2.95
27.88,78.07,2.99
22.28,74.4,3.56
25.45,81.73,3.35
27.5,76.58,3.03
30.38,76.77,2.67
23.17,83.25,4.15
11.12,72.73,2.08
20.93,77.78,3.46
21.6,71.22,3.27
31.63,74.87,2.36
14.68,77.62,2.8
20.83,85.1,3.53
11.17,79.0,2.21
13.53,78.5,3.23
19.88,75.33,3.74
19.85,75.4,3.73
22.3,86.93,3.56
12.99,80.2,2.47
10.35,79.4,2.19
30.08,78.72,4.07
18.18,72.99,2.9
22.03,73.67,3.24
12.88,80.15,2.46
17.05,75.78,3.36
24.07,78.06,3.53
16.57,76.47,3.17
24.95,71.53,3.05
27.14,79.28,3.13
23.6,72.95,3.34
22.38,93.15,5.09
16.67,74.9,3.4
24.53,78.72,3.53
26.85,79.08,3.13
29.96,78.61,3.66
11.47,77.88,2.3
24.77,84.18,3.51
26.35,75.03,3.32
21.17,73.18,3.18
8.87,77.5,2.07
12.89,80.11,2.47
17.83,80.48,3.11
17.1,76.22,3.18
17.17,74.53,3.58
10.02,78.78,2.14
28.75,79.72,3.05
25.03,86.9,3.59
26.35,74.12,3.22
28.27,72.85,2.63
21.38,71.05,3.4
18.73,76.38,3.67
20.13,73.03,3.17
22.41,88.3,3.58
26.67,90.6,3.78
16.07,75.95,3.28
25.97,93.5,4.0
14.47,79.72,2.65
21.98,72.9,3.24
23.65,91.62,3.79
24.53,87.57,3.66
27.54,79.6,3.12
18.42,83.9,3.18
29.93,78.53,3.75
16.15,76.38,3.2
25.62,94.53,5.08
23.4,85.52,4.24
8.67,76.77,1.97
12.02,76.3,3.04
25.09,78.86,3.41
26.06,78.21,3.24
29.19,73.21,2.47
25.05,78.86,3.41
13.53,80.07,2.52
28.47,95.52,4.98
15.68,78.97,2.93
17.75,74.05,3.75
9.87,76.35,2.03
24.23,87.28,3.73
24.48,76.33,3.42
28.57,74.51,2.72
23.05,72.97,3.32
24.57,78.88,3.49
17.23,76.48,3.16
11.08,76.58,2.84
12.05,78.78,2.55
19.88,75.33,3.72
27.24,79.89,3.17
9.97,76.25,2.06
33.12,75.32,3.1
16.7,75.25,3.33
22.98,88.37,3.6
22.63,77.98,3.47
27.57,81.6,3.24
18.58,81.23,4.6
21.52,86.93,3.51
13.37,75.45,3.52
25.75,84.17,3.42
25.22,88.78,3.64
25.47,80.37,3.33
12.97,77.58,3.34
12.95,77.63,3.31
33.5,75.17,2.98
23.23,87.07,3.67
23.55,74.45,3.43
15.9,80.47,2.8
18.15,74.58,3.59
28.37,79.4,3.05
21.93,86.77,3.57
25.75,71.38,3.16
22.3,73.25,3.28
22.33,73.27,3.29
33.12,75.32,3.04
19.0,75.72,3.54
15.85,74.53,3.68
15.85,74.62,3.66
15.15,76.85,2.98
24.13,88.27,3.61
21.87,77.93,3.9
25.23,86.95,3.58
27.22,77.5,3.0
30.17,74.58,2.47
21.75,72.18,3.24
19.92,83.18,3.55
25.35,74.63,3.54
18.45,73.4,3.03
23.28,77.35,3.74
20.25,85.83,3.41
23.25,69.67,3.36
31.83,77.17,3.07
17.92,77.53,3.64
16.82,75.72,3.42
28.0,73.3,2.75
31.25,76.67,2.78
20.7,83.5,3.5
20.6,79.85,3.35
20.53,76.23,3.85
20.62,72.93,3.16
20.22,75.42,3.89
21.9,84.03,3.63
27.13,94.12,3.94
25.82,86.27,3.5
27.05,79.85,3.19
27.78,74.57,2.96
13.68,77.07,3.18
28.48,76.18,2.83
22.92,69.17,3.29
27.52,76.77,3.0
23.22,88.88,3.61
16.9,74.37,3.49
24.08,85.87,3.96
30.0,78.59,3.74
23.73,86.32,3.71
27.0,79.65,3.17
23.32,88.65,3.6
23.95,92.08,3.89
25.58,86.27,3.51
27.58,81.6,3.24
30.37,77.87,2.97
22.23,85.32,3.92
24.87,86.45,3.69
33.22,74.09,2.43
26.3,84.78,3.42
22.87,88.27,3.59
24.78,79.02,3.44
26.22,84.38,3.41
25.11,75.63,3.55
22.97,75.2,3.87
27.9,79.0,3.04
19.3,75.47,3.52
17.31,78.48,3.47
22.33,88.3,3.58
26.25,89.6,3.66
30.67,76.97,2.75
34.03,74.94,2.84
26.97,77.08,3.1
29.89,78.61,3.41
25.42,86.32,3.52
15.25,79.47,2.77
33.66,74.01,2.37
27.82,93.9,4.14
19.73,85.22,3.3
34.05,74.75,2.83
26.13,75.87,3.21
26.33,73.15,3.05
23.98,85.78,4.03
19.48,83.98,3.53
28.46,75.64,2.83
25.62,85.15,3.47
22.63,88.3,3.58
23.8,86.35,3.77
23.28,85.82,3.78
21.49,70.07,3.18
30.04,76.53,2.66
22.65,79.15,3.86
26.72,88.32,3.69
20.67,86.12,3.54
22.73,88.66,3.6
25.77,87.1,3.54
21.7,87.07,3.51
26.72,79.9,3.21
25.5,87.37,3.57
24.2,78.22,3.53
23.1,80.05,3.68
24.3,85.42,3.95
27.48,82.78,3.27
25.22,84.42,3.47
23.05,75.37,3.81
26.32,91.0,3.73
26.32,82.33,3.31
23.83,84.12,3.82
23.73,87.02,3.67
22.35,87.37,3.55
29.73,76.75,2.7
26.13,87.47,3.58
23.6,87.53,3.63
16.07,75.37,3.44
25.1,76.4,3.32
34.25,74.55,2.79
26.65,85.58,3.45
14.48,79.8,2.62
21.77,72.15,3.21
30.61,76.1,2.57
34.38,73.77,2.62
29.07,76.31,2.74
25.18,85.52,3.5
19.57,74.65,3.65
23.3,81.67,3.86
22.37,87.42,3.55
23.17,79.45,3.59
25.15,84.62,3.48
32.62,74.82,2.32
33.21,74.43,2.57
26.43,70.58,3.06
13.0,80.27,2.48
22.22,88.1,3.57
25.05,83.62,3.43
21.32,74.1,3.36
22.01,88.33,3.56
24.77,88.03,3.59
20.48,86.23,3.43
30.52,76.84,2.67
29.89,78.66,3.8
24.67,79.16,3.46
33.68,75.08,2.93
21.93,69.77,3.24
25.58,72.67,3.07
22.87,78.22,3.45
29.82,78.72,3.47
26.25,78.25,3.15
30.56,76.21,2.58
24.4,83.58,3.63
30.27,76.03,2.59
25.65,87.13,3.54
22.95,88.55,3.6
32.94,74.39,2.23
24.07,79.08,3.64
24.18,72.03,3.21
20.45,72.88,3.14
26.8,79.25,3.14
21.67,87.35,3.52
25.7,92.02,4.76
25.28,74.67,3.52
30.19,76.63,2.65
27.14,79.75,3.16
20.62,83.35,3.48
20.9,77.6,3.34
24.27,73.38,3.89
25.55,84.87,3.45
26.05,77.37,3.17
27.07,88.2,4.49
11.68,77.13,3.2
31.28,76.25,2.69
26.7,88.48,3.67
20.43,85.98,3.4
22.13,84.8,3.65
22.68,84.55,4.0
24.63,93.77,4.75
26.05,86.98,3.56
34.4,74.32,2.75
19.02,72.85,2.99
27.25,92.4,5.14
14.6,76.68,3.08
17.89,78.46,3.46
34.01,74.64,2.97
26.82,94.83,4.24
27.87,96.37,4.67
32.65,74.82,2.32
24.1,92.6,3.99
34.48,74.24,2.89
17.33,78.41,3.45
23.35,92.83,4.48
27.35,73.1,2.96
30.19,76.51,2.64
22.36,88.12,3.57
34.53,76.2,3.5
34.38,74.99,3.3
24.02,87.15,3.72
34.28,74.44,2.78
33.6,75.02,3.08
28.26,75.37,2.87
22.25,85.8,4.1
26.52,71.81,3.07
26.77,92.6,3.93
25.5,83.85,3.41
13.62,76.42,3.19
22.25,88.67,3.58
9.17,92.83,2.77
22.55,85.82,3.77
24.92,75.58,3.46
22.03,82.7,3.59
20.78,86.73,3.44
19.97,79.3,3.22
26.2,92.52,3.84
25.78,84.73,3.44
13.0,80.18,2.48
13.07,80.25,2.49
25.25,91.73,5.16
22.1,79.0,3.97
13.25,75.75,3.7
14.23,76.43,3.31
24.88,74.63,3.58
24.65,83.1,3.72
28.25,74.92,2.86
11.0,76.97,2.51
11.03,77.05,2.49
21.78,87.75,3.54
26.33,89.47,3.66
11.77,79.77,2.34
14.48,78.83,2.6
20.47,85.93,3.4
20.22,73.05,3.15
22.52,88.78,3.59
25.68,85.35,3.47
26.84,79.53,3.16
11.15,75.82,2.15
17.31,78.87,3.25
26.92,79.21,3.13
30.4,74.9,2.45
29.66,77.45,2.79
22.97,86.05,3.82
22.15,70.58,3.37
29.39,76.99,2.75
24.04,79.1,3.66
30.73,76.79,2.67
28.43,75.51,2.82
27.72,96.23,4.23
26.57,94.7,4.43
24.05,86.9,3.8
25.88,87.13,3.55
28.16,75.46,2.93
25.68,93.23,4.17
21.43,71.22,3.32
25.3,93.72,5.13
28.68,73.12,2.55
24.88,78.97,3.4
11.83,76.07,3.09
27.22,93.12,4.7
28.78,96.27,4.96
22.22,78.43,4.06
25.68,94.3,5.2
24.47,86.25,3.98
29.98,77.1,2.72
24.79,79.08,3.45
24.52,84.95,3.61
20.68,86.85,3.43
28.75,73.99,2.63
25.07,75.5,3.6
26.22,87.02,3.54
28.67,96.15,4.9
11.4,79.7,2.29
17.6,78.75,3.46
21.52,73.65,3.5
16.45,74.33,3.42
25.17,82.53,3.36
15.58,79.88,2.77
26.63,94.92,4.49
19.07,79.07,3.08
22.12,77.5,3.76
24.05,86.15,3.94
23.18,76.97,3.69
27.93,79.28,3.07
17.56,78.22,3.41
10.97,77.28,2.36
17.29,78.03,3.57
27.12,79.41,3.15
10.7,76.75,2.16
17.23,79.13,3.16
23.67,76.23,3.61
24.45,85.17,3.68
18.72,72.9,3.05
12.5,76.3,3.18
26.5,75.67,3.17
21.1,85.33,3.59
21.7,79.68,3.61
22.12,76.9,3.35
30.69,76.09,2.56
26.72,94.23,4.01
25.27,87.22,3.55
13.63,74.7,2.4
20.5,85.83,3.4
19.97,72.72,3.08
32.53,75.97,3.43
24.05,84.07,3.67
23.83,79.45,3.59
26.17,85.9,3.48
27.05,88.27,5.16
25.67,78.47,3.26
24.2,72.2,3.27
30.32,78.03,3.09
24.92,84.18,3.5
16.38,73.35,2.74
23.78,86.43,3.86
22.6,75.3,3.95
12.13,78.03,2.57
32.27,76.38,3.02
26.67,77.83,3.08
26.02,89.98,3.69
26.15,89.92,3.69
22.18,88.2,3.57
27.48,95.02,4.02
21.83,87.78,3.54
20.72,70.92,3.15
22.83,74.27,3.66
17.72,83.3,3.29
24.27,87.25,3.75
23.83,73.67,3.56
21.18,81.28,3.54
23.48,87.32,3.64
22.37,69.08,3.25
26.12,92.87,3.86
29.9,78.55,3.48
32.86,74.9,2.38
17.91,78.01,3.41
24.48,71.73,3.15
30.27,80.52,4.44
32.58,74.93,2.34
26.91,79.6,3.17
26.1,90.78,3.72
24.93,92.77,3.8
24.03,84.07,3.66
20.42,72.85,3.13
26.31,79.3,3.19
30.22,74.17,2.4
34.17,74.9,2.84
32.65,74.9,2.34
24.73,79.21,3.46
26.63,92.8,3.83
34.33,74.38,2.77
24.02,85.55,4.21
28.45,72.5,2.54
25.33,88.32,3.62
30.75,76.15,2.56
27.9,96.3,4.22
28.02,96.23,4.65
25.75,75.38,3.34
18.25,77.1,3.55
25.74,79.16,3.23
23.13,78.68,3.51
27.98,79.42,3.07
26.17,85.0,3.44
29.73,78.47,2.95
23.43,73.75,3.34
20.03,75.03,3.67
33.13,75.98,3.44
29.86,78.64,3.63
26.92,71.37,2.99
30.66,76.83,2.66
24.6,92.83,3.81
33.27,74.55,2.58
17.65,77.47,3.51
30.58,76.82,2.66
25.98,87.13,3.55
24.42,85.98,3.93
28.93,76.17,2.74
33.53,74.22,2.84
29.93,78.74,3.29
24.37,92.17,3.77
26.7,77.9,3.08
29.91,78.7,3.39
25.6,75.61,3.26
21.48,85.82,4.21
33.58,74.09,2.74
26.47,92.47,3.82
19.3,75.67,3.44
22.98,71.47,3.24
22.57,70.42,3.28
23.57,76.78,3.65
32.74,74.81,2.31
24.15,78.23,3.54
28.39,75.63,2.86
28.35,75.64,2.87
16.22,73.83,2.77
27.13,94.77,4.0
26.17,93.57,4.64
17.94,78.68,3.54
20.17,84.85,3.57
27.1,79.95,3.18
26.35,89.9,3.72
27.27,93.07,4.64
32.56,74.92,2.34
24.53,84.92,3.59
12.17,76.6,3.05
15.68,74.97,3.48
34.27,74.47,2.78
34.45,74.41,2.84
34.39,73.79,2.58
21.07,83.2,3.53
18.02,78.9,3.51
34.37,73.98,3.84
23.75,86.17,3.79
16.05,73.92,2.83
23.42,91.67,3.77
29.08,74.68,2.6
28.87,75.45,2.7
25.32,86.02,3.51
25.55,84.15,3.42
23.98,86.02,3.85
22.97,74.12,3.58
24.76,79.05,3.45
23.13,84.85,4.24
20.0,76.3,3.57
27.5,95.75,4.11
16.73,76.92,3.08
21.7,74.03,4.52
26.28,79.29,3.18
25.93,90.77,3.76
27.79,79.31,3.07
29.28,78.12,2.86
25.97,85.12,3.44
28.19,74.69,2.87
26.13,89.47,3.66
10.03,76.3,2.06
11.22,76.15,2.17
13.07,80.26,2.5
17.58,78.54,3.58
13.25,80.33,2.52
13.13,80.25,2.5
8.18,77.63,1.96
26.75,82.08,3.3
25.93,80.83,3.31
30.92,74.67,2.38
26.3,87.27,3.57
22.37,88.78,3.59
16.28,78.68,3.5
30.72,76.77,2.66
26.35,79.23,3.18
25.77,75.63,3.29
24.18,92.02,3.76
11.18,75.85,2.18
17.84,78.12,3.42
15.42,75.63,3.38
27.33,88.62,5.08
16.53,80.8,2.85
24.75,84.95,3.57
25.4,83.55,3.4
22.77,83.97,4.16
27.13,81.97,3.27
21.47,80.2,3.53
19.27,84.88,3.29
26.75,83.37,3.34
17.35,76.85,3.24
34.05,74.4,3.53
24.65,77.32,3.62
28.42,77.0,2.89
26.1,91.58,3.78
26.23,78.25,3.18
15.42,75.62,3.4
27.23,79.28,3.12
33.89,74.29,3.18
24.05,76.45,3.55
25.58,76.3,3.19
15.73,75.98,3.37
16.27,76.83,3.1
23.52,74.0,3.35
20.1,84.57,3.42
9.92,77.53,2.28
34.16,74.57,2.81
30.65,78.85,4.22
27.85,78.47,3.01
14.55,78.73,2.61
29.9,78.68,3.67
26.01,79.38,3.22
32.79,74.77,2.31
29.97,78.53,3.43
26.7,94.12,3.99
17.61,78.47,3.56
27.72,79.65,3.12
22.77,87.8,3.57
23.28,84.55,4.26
20.88,73.72,3.54
28.3,75.71,2.88
22.9,88.16,3.59
20.13,78.32,3.31
29.85,77.05,2.73
25.22,87.17,3.56
23.95,87.1,3.73
22.7,70.65,3.29
27.22,73.47,3.02
30.72,75.98,2.54
32.98,74.41,2.28
28.36,74.9,2.83
27.7,79.57,3.1
20.67,79.13,3.36
22.25,88.5,3.57
33.26,74.14,2.6
27.32,84.32,3.41
23.27,87.97,3.6
31.52,76.02,2.52
27.98,72.25,2.64
24.9,72.83,3.41
20.72,70.99,3.13
34.08,74.57,2.84
14.97,78.25,2.73
34.1,74.58,2.81
21.92,85.37,4.26
22.02,69.92,3.38
22.26,88.97,3.59
22.86,88.04,3.59
16.75,77.3,3.14
25.73,75.54,3.32
19.92,77.05,3.53
25.93,85.33,3.45
18.17,73.3,2.91
21.33,69.9,3.2
16.72,75.43,3.47
17.21,78.9,3.19
14.83,76.63,3.18
25.96,75.59,3.25
12.84,80.06,2.47
25.6,85.2,3.46
18.98,84.02,3.75
20.37,83.37,3.45
17.63,80.93,2.93
22.55,72.22,3.25
20.28,84.7,3.61
14.98,74.92,3.2
15.17,77.38,2.97
16.28,76.62,3.14
24.67,84.77,3.56
30.64,76.81,2.65
30.1,79.97,4.25
28.07,94.57,4.61
24.67,75.6,3.64
18.02,79.57,3.19
27.38,80.17,3.2
17.82,73.1,2.88
13.0,76.15,3.5
28.08,96.5,4.94
23.98,85.37,4.28
29.17,75.73,2.69
14.28,74.45,2.5
22.77,77.77,3.42
10.58,92.55,2.83
17.45,78.47,3.49
9.5,76.63,2.04
15.8,76.98,2.88
15.02,75.95,3.14
30.03,77.89,3.18
28.18,75.39,2.91
34.28,74.2,3.16
13.0,75.7,3.54
33.39,74.23,2.79
27.65,79.95,3.15
15.43,75.8,3.34
26.86,79.06,3.11
31.03,78.73,4.29
22.57,75.82,3.9
34.53,75.13,3.47
24.6,87.08,3.77
17.55,75.9,3.25
22.62,86.13,3.76
23.67,84.95,4.09
26.39,79.48,3.17
26.53,75.87,3.21
13.95,76.62,3.11
29.93,78.52,3.44
26.0,92.87,3.85
14.03,75.68,3.11
13.54,77.3,3.15
27.57,93.85,5.04
12.82,77.03,3.09
13.23,77.12,3.27
16.47,76.53,3.11
34.3,74.25,2.95
28.78,95.88,4.76
24.53,84.02,3.55
30.17,76.54,2.64
27.68,76.45,3.12
25.05,84.63,3.47
27.6,78.05,3.01
26.27,91.37,3.74
23.83,73.03,3.46
24.77,93.9,4.74
22.72,75.8,3.88
17.69,78.87,3.44
27.16,79.27,3.13
29.84,78.75,3.98
24.68,74.13,3.71
27.68,74.07,2.94
11.57,75.6,2.19
11.77,79.38,2.33
27.24,79.44,3.13
34.65,76.02,3.61
30.1,77.75,2.8
20.13,85.15,3.42
24.28,85.17,3.98
27.33,82.7,3.28
23.2,79.95,3.66
19.08,82.03,3.86
26.82,75.8,3.26
26.9,70.92,3.05
21.05,75.57,3.23
25.35,72.62,3.15
26.53,88.72,3.66
32.67,74.83,2.36
22.82,86.18,3.66
22.82,86.18,3.68
22.88,84.13,4.44
25.08,73.08,3.4
18.2,75.2,3.49
24.53,76.17,3.43
25.45,78.58,3.31
21.92,84.08,3.64
26.3,73.02,3.06
30.55,79.57,3.91
33.19,74.15,2.44
14.53,76.35,3.25
22.23,85.65,4.1
25.48,84.42,3.44
25.05,84.08,3.46
26.2,73.94,3.23
28.88,74.07,2.61
26.72,89.88,3.93
21.73,75.15,3.56
22.47,70.07,3.28
26.1,92.73,3.82
26.38,79.19,3.17
24.92,86.22,3.59
17.61,78.88,3.43
25.55,82.32,3.35
23.63,75.13,3.75
28.05,94.18,4.12
30.64,76.05,2.55
30.8,75.82,2.51
29.28,77.42,2.82
33.98,74.27,3.57
28.06,75.28,2.95
25.1,78.8,3.41
33.78,74.07,2.53
26.21,73.07,3.03
33.34,74.21,2.62
32.6,74.87,2.33
24.43,85.52,3.97
23.1,74.15,3.55
22.17,86.63,3.67
30.03,77.83,2.8
17.74,78.47,3.57
28.33,75.68,2.87
16.33,74.78,3.5
16.43,74.68,3.48
25.38,74.3,3.63
29.8,78.65,3.44
22.52,85.63,4.22
26.13,87.62,3.58
20.78,85.72,3.42
20.82,75.97,3.36
21.85,87.92,3.55
10.95,78.08,2.19
24.32,92.0,3.77
16.95,82.23,2.97
27.07,88.47,4.79
18.33,84.13,3.16
11.73,78.97,2.33
32.4,78.25,3.88
20.27,81.48,3.67
22.67,76.73,3.5
11.83,75.33,2.23
26.43,80.37,3.28
8.08,77.5,1.99
31.33,75.33,2.42
10.92,79.83,2.26
10.07,78.8,2.18
29.7,77.03,2.75
14.78,74.13,2.52
33.0,74.9,2.79
21.62,85.58,4.07
21.32,70.32,3.2
24.98,79.92,3.42
17.25,80.15,2.95
21.83,76.37,3.43
21.82,75.62,3.36
27.9,80.8,3.2
22.08,82.15,3.81
9.95,76.27,2.06
10.23,77.47,4.04
12.95,78.3,3.37
16.7,74.23,3.51
22.53,88.33,3.58
22.65,88.45,3.58
7.22,93.73,2.73
10.75,79.35,2.17
25.15,75.85,3.32
25.18,75.9,3.31
17.55,80.63,3.0
9.53,76.6,2.05
11.25,75.78,2.17
23.4,88.52,3.61
10.4,78.67,2.2
33.58,75.5,2.65
34.42,74.3,2.79
15.83,78.07,2.9
26.85,79.5,3.16
25.22,82.72,3.38
13.24,76.86,3.19
19.28,74.37,3.92
17.87,78.76,3.53
17.22,78.03,3.54
13.55,76.01,3.3
22.5,73.75,3.47
21.53,73.43,3.44
32.68,74.76,2.31
31.91,75.45,2.4
29.92,77.07,2.73
13.02,80.12,2.48
27.57,79.35,3.09
27.51,79.51,3.11
30.02,79.07,3.9
13.35,77.98,3.39
34.3,73.95,3.33
34.12,74.81,2.83
28.62,72.97,2.55
22.17,85.62,4.09
27.78,79.32,3.07
21.85,72.13,3.23
17.5,74.75,3.74
26.7,89.45,3.92
28.19,75.7,2.92
20.03,77.83,3.38
25.25,94.47,5.18
26.89,79.65,3.18
17.92,82.97,3.15
22.44,88.1,3.57
11.7,75.53,2.2
30.04,73.95,2.4
9.82,77.15,3.18
21.95,85.32,4.28
21.23,78.9,3.48
22.05,78.3,4.04
26.8,75.64,3.2
19.25,73.15,3.01
19.5,83.32,3.68
33.23,74.39,2.5
32.96,74.41,2.28
24.6,84.82,3.58
29.79,78.71,3.34
19.9,86.12,3.35
29.87,78.72,3.78
20.27,85.18,3.41
21.42,79.27,3.74
17.07,78.49,3.59
25.4,79.5,3.29
12.85,74.9,2.32
28.93,74.89,2.64
23.1,71.4,3.18
23.43,85.32,4.29
12.42,78.38,2.69
11.83,75.67,2.32
23.48,70.47,3.42
22.42,71.87,3.28
25.13,75.58,3.54
24.54,75.71,3.58
25.7,81.35,3.31
17.28,76.22,3.23
21.78,85.97,3.99
21.32,77.61,3.49
10.92,76.43,2.14
10.47,79.73,2.19
20.23,83.28,3.5
18.15,73.0,2.97
27.05,79.39,3.15
26.65,79.99,3.22
27.23,79.25,3.12
23.1,74.87,3.68
28.37,76.9,2.91
29.82,78.53,3.53
19.72,76.27,3.5
33.77,74.35,3.29
30.66,76.84,2.66
26.18,92.73,4.01
23.32,91.32,3.71
25.05,75.0,3.57
26.49,79.19,3.12
9.18,76.55,2.0
10.98,78.23,2.12
34.45,74.29,2.75
24.75,78.25,3.44
24.03,79.2,3.61
17.75,77.9,3.41
27.08,79.82,3.18
15.85,77.27,3.0
22.84,88.42,3.59
24.98,78.27,3.4
23.6,74.62,3.55
23.35,77.07,3.66
16.62,73.9,3.56
23.63,85.0,4.16
22.6,81.47,4.29
18.75,73.55,3.95
26.99,79.64,3.17
24.82,78.76,3.44
33.53,77.5,4.06
24.37,82.95,3.62
25.05,84.05,3.45
25.07,83.95,3.46
16.55,73.62,2.83
29.89,78.66,3.66
24.86,78.86,3.46
29.12,75.52,2.67
25.5,75.85,3.22
23.97,93.22,4.8
23.37,93.12,5.23
29.98,78.62,3.41
24.97,85.1,3.52
22.53,88.32,3.58
26.52,85.97,3.47
26.25,76.33,3.15
28.04,75.65,3.02
25.65,94.03,5.3
33.23,74.63,3.13
20.18,85.62,3.44
28.12,74.76,2.9
25.35,75.53,3.29
18.12,73.0,3.11
21.18,71.65,3.21
25.53,86.55,3.53
26.82,70.7,3.0
21.51,77.52,4.33
22.52,79.03,3.95
21.43,78.97,3.49
13.18,80.04,2.49
27.69,79.67,3.12
17.97,78.72,3.5
16.97,78.35,3.48
34.29,74.23,3.01
34.17,74.27,3.15
15.2,76.22,3.05
19.83,83.73,3.63
12.46,80.1,2.43
24.53,75.65,3.57
16.75,77.78,3.24
10.08,78.75,2.16
13.93,78.27,3.04
27.69,79.65,3.12
16.1,78.3,3.0
16.03,79.95,2.81
28.23,95.0,4.13
11.15,75.97,2.19
26.75,94.83,4.54
29.54,77.49,2.8
9.23,76.87,2.01
33.5,74.83,4.08
21.43,74.43,3.22
12.71,76.95,2.98
8.77,78.1,2.02
11.73,75.88,3.39
24.38,84.53,3.66
25.85,85.6,3.47
30.4,77.95,3.1
12.48,76.87,3.01
8.37,77.0,1.95
34.1,74.65,2.82
17.67,82.23,3.38
34.11,74.52,2.89
18.93,77.48,3.33
9.8,76.8,2.8
17.83,73.92,3.85
23.72,85.5,4.04
23.8,81.35,3.78
12.92,74.82,2.32
26.62,89.83,3.88
24.65,79.15,3.46
29.98,78.7,3.29
24.22,84.67,3.87
23.97,87.17,3.73
17.97,78.86,3.5
27.83,79.47,3.08
16.13,76.58,3.2
9.75,76.57,2.04
11.98,75.95,3.38
24.71,79.22,3.46
24.82,85.25,3.56
16.17,76.88,3.1
32.89,74.74,2.31
24.59,79.18,3.46
34.51,76.27,3.69
23.8,80.8,3.7
26.42,87.43,3.57
13.32,77.14,3.28
24.37,87.42,3.75
23.8,86.28,3.77
12.42,92.93,3.0
26.75,80.88,3.28
30.93,75.87,2.51
30.9,75.8,2.51
25.75,93.18,3.98
34.03,74.68,2.89
25.55,76.22,3.21
34.42,74.23,2.78
30.38,77.81,2.92
24.5,87.13,3.76
24.58,78.88,3.49
21.7,84.67,3.88
23.27,92.47,4.69
25.2,93.3,4.7
13.7,75.67,3.14
25.58,93.77,5.21
26.77,84.98,3.4
27.23,94.12,3.94
25.18,86.08,3.52
28.33,73.2,2.63
24.37,87.2,3.72
21.85,87.22,3.53
24.17,88.27,3.6
30.72,76.25,2.57
17.44,78.54,3.43
22.22,70.23,3.36
24.11,78.98,3.82
25.47,92.8,4.26
25.5,93.12,3.97
27.75,95.92,4.11
27.03,79.39,3.15
21.72,71.38,3.31
18.03,75.33,3.49
21.08,83.4,3.5
26.35,75.57,3.2
25.3,93.43,5.04
32.8,79.18,4.13
27.32,95.9,4.31
26.03,90.17,3.69
21.55,71.35,3.28
17.18,78.71,3.47
16.17,76.52,3.17
34.0,74.92,2.87
20.2,83.7,4.24
23.4,69.88,3.3
22.32,87.05,3.58
22.83,85.12,3.98
17.98,76.33,3.58
26.87,79.11,3.13
12.02,77.25,3.12
25.2,94.47,5.3
25.68,92.8,4.03
20.78,77.67,3.42
24.7,79.02,3.49
22.88,69.82,3.31
23.83,87.82,3.62
32.52,74.76,2.31
26.28,94.25,4.75
24.55,92.6,3.79
24.87,86.52,3.7
29.97,77.04,2.72
28.07,75.62,2.99
9.92,78.12,2.1
9.83,78.08,2.1
17.93,73.67,4.87
16.75,78.0,3.33
21.08,71.78,3.18
27.23,79.05,3.11
26.75,92.35,3.88
22.0,80.7,3.93
25.03,88.13,3.62
20.55,74.53,3.65
21.17,81.73,3.59
32.27,77.17,3.57
22.58,80.37,3.75
22.82,69.27,3.29
12.5,76.83,3.03
12.92,74.88,2.44
12.95,74.83,2.35
16.18,81.13,2.84
27.5,77.68,2.98
12.92,92.92,3.04
18.05,78.27,3.42
12.42,75.73,3.74
29.02,77.63,2.86
11.8,77.82,2.32
22.42,87.32,3.59
8.3,73.0,1.84
28.83,78.75,2.96
15.42,73.78,2.67
26.67,84.92,3.42
30.58,78.48,3.96
29.47,79.65,4.37
18.9,72.82,2.99
19.12,72.85,3.01
30.45,78.08,4.03
29.47,77.73,2.83
26.12,85.4,3.46
12.3,76.7,3.13
11.8,76.0,3.13
27.54,79.69,3.13
24.65,84.58,3.64
15.47,79.87,2.73
20.87,84.4,3.48
13.11,80.3,2.5
9.93,78.12,2.1
16.45,77.43,2.99
22.87,87.98,3.58
24.77,77.7,3.63
24.78,78.44,3.52
28.45,76.11,2.85
26.4,89.75,3.77
24.03,78.38,3.61
22.69,88.15,3.58
21.02,73.15,3.17
25.03,87.32,3.63
19.47,82.58,4.02
26.72,92.9,3.86
10.2,76.72,2.1
26.13,85.63,3.46
28.42,73.37,2.65
24.85,83.78,3.49
24.05,78.89,3.66
21.55,74.7,3.44
17.53,78.59,3.52
26.02,79.34,3.22
15.68,75.63,3.29
27.87,79.44,3.08
12.75,79.67,2.45
13.04,80.23,2.49
16.53,75.58,3.3
19.62,74.57,3.68
27.57,79.74,3.14
30.77,79.48,4.41
17.93,78.8,3.57
25.65,75.59,3.27
17.55,73.98,4.23
19.32,74.33,3.84
23.1,80.23,3.73
26.43,92.03,3.77
17.52,75.47,3.3
18.23,73.28,2.89
20.83,78.25,3.35
22.83,85.03,4.06
30.71,76.84,2.68
22.07,88.05,3.56
17.25,78.59,3.47
9.48,76.75,2.0
16.55,74.68,3.38
18.93,74.32,3.8
28.05,72.48,2.66
20.25,74.45,3.85
15.85,75.12,3.38
13.03,80.27,2.48
16.38,75.37,3.34
17.43,75.53,3.3
26.08,86.48,3.53
27.92,94.38,4.92
23.77,81.22,3.7
8.82,77.8,1.98
27.19,79.27,3.13
26.53,72.97,3.05
24.9,79.19,3.45
9.98,76.27,2.06
25.02,84.82,3.48
22.6,86.43,3.66
25.57,91.72,5.27
25.57,92.07,5.1
23.07,71.08,3.25
17.77,73.83,3.88
15.93,76.58,3.1
25.08,84.38,3.48
23.5,73.5,3.42
28.8,74.94,2.69
26.37,85.12,3.43
24.75,94.37,4.97
25.42,74.55,3.55
25.68,94.63,4.95
12.87,78.77,2.63
11.57,75.77,2.25
11.57,76.15,3.16
26.57,94.67,4.47
13.24,79.94,2.49
20.88,75.15,3.32
21.84,69.38,3.22
26.8,92.6,3.96
20.43,86.6,3.41
28.23,77.45,2.9
29.75,77.23,2.76
25.53,92.47,4.97
33.14,74.33,2.35
34.68,77.38,3.56
14.07,79.6,2.56
30.63,76.89,2.67
24.65,92.63,3.78
15.03,76.08,3.15
11.98,77.45,2.71
24.08,73.23,3.65
26.8,76.8,3.09
27.17,92.18,5.11
12.57,78.7,2.8
27.5,96.25,4.31
28.38,95.8,4.96
34.51,74.26,2.77
17.87,78.2,3.49
25.32,83.85,3.42
30.19,76.99,2.7
20.76,70.67,3.13
24.2,93.6,5.08
19.68,77.57,3.43
26.38,93.48,4.1
29.2,76.77,2.76
22.8,69.72,3.28
22.65,88.09,3.59
10.92,79.75,2.24
22.03,74.7,3.32
11.72,76.43,3.27
9.83,76.75,2.25
26.7,89.28,3.82
22.1,85.88,4.09
29.92,77.17,2.74
26.12,92.33,3.99
26.28,75.38,3.26
13.73,75.33,3.17
19.33,74.35,3.77
27.7,76.85,2.99
10.77,79.85,2.25
27.17,73.67,3.02
21.1,79.05,3.46
30.55,77.3,3.22
29.62,78.38,2.9
17.0,79.25,3.04
23.25,68.85,3.3
7.98,93.53,2.76
19.08,77.33,3.29
21.33,74.25,3.36
15.47,78.48,2.81
28.0,76.08,2.98
16.43,81.7,2.89
22.95,79.18,3.57
14.45,79.98,2.62
28.57,77.12,2.88
28.58,77.2,2.87
23.0,70.22,3.31
16.92,81.67,2.9
24.47,74.9,3.76
18.67,78.1,3.32
27.23,94.12,3.95
25.07,79.45,3.37
22.33,88.2,3.57
24.66,78.81,3.47
25.32,85.03,3.47
14.18,77.37,3.04
9.55,78.7,2.08
24.65,79.01,3.58
27.02,94.17,3.94
17.53,77.28,3.29
27.0,79.1,3.12
27.2,73.73,3.02
24.09,78.41,3.59
26.2,79.45,3.2
22.75,72.57,3.26
30.36,77.98,3.02
26.61,79.78,3.2
28.96,76.88,2.78
30.25,78.12,3.03
21.45,73.72,3.36
26.42,91.43,3.75
23.83,76.23,3.54
25.31,75.62,3.27
32.99,74.5,2.38
26.97,95.05,4.07
19.72,74.15,3.94
28.82,75.5,2.71
23.3,69.72,3.38
26.63,91.73,3.78
33.59,74.24,2.82
34.12,74.68,2.81
30.48,77.13,2.7
32.94,74.38,2.29
13.17,79.22,2.63
26.35,79.14,3.16
24.77,85.43,3.57
25.32,73.53,3.45
34.01,74.55,2.99
23.77,77.77,3.56
25.42,83.43,3.39
22.17,75.58,3.22
25.28,71.23,3.14
34.22,74.69,2.81
27.24,79.43,3.14
25.38,84.2,3.44
17.74,78.15,3.43
25.07,85.03,3.51
23.85,86.03,3.9
20.35,74.82,3.57
13.9,79.9,2.56
24.6,79.25,3.47
26.83,94.3,3.99
13.51,77.0,3.27
20.38,75.33,3.91
10.23,78.55,2.17
24.07,78.16,3.56
21.62,74.8,3.52
17.85,77.87,3.45
17.65,74.2,3.76
26.97,79.21,3.13
27.23,79.76,3.16
23.52,73.07,3.43
27.97,93.85,4.4
22.02,87.28,3.55
11.28,76.25,2.17
17.25,80.43,2.94
19.37,84.47,3.36
27.52,75.53,3.24
24.02,78.8,3.66
8.93,76.53,1.98
22.03,71.72,3.27
19.1,78.35,3.31
23.78,86.72,3.71
23.63,86.82,3.6
27.45,92.63,5.13
30.23,76.62,2.65
26.32,79.0,3.16
25.68,91.63,5.07
19.23,82.55,3.91
24.75,93.43,4.18
20.28,85.1,3.57
28.93,95.02,4.75
27.43,92.13,5.05
21.88,87.77,3.54
17.53,78.77,3.43
22.48,69.12,3.26
15.57,80.05,2.74
25.98,79.5,3.23
18.17,76.05,3.66
20.13,73.92,3.94
14.47,76.93,3.01
24.42,82.98,3.52
24.52,73.37,3.84
27.76,79.11,3.06
22.31,69.02,3.25
12.32,79.72,2.4
12.72,79.2,2.51
12.84,79.95,2.46
30.09,73.9,2.39
26.7,92.33,3.86
26.82,91.87,3.91
22.47,78.43,4.45
34.03,75.33,3.25
10.77,76.65,2.14
8.73,77.75,1.98
9.27,78.3,2.07
23.62,86.78,3.69
15.48,73.82,2.68
24.72,80.17,3.6
29.03,79.47,3.04
20.3,86.68,3.41
11.5,79.77,2.31
19.27,76.83,3.39
28.1,95.38,4.06
30.33,76.47,2.63
25.6,85.1,3.48
22.77,81.9,4.08
27.13,72.37,2.93
20.48,84.27,3.99
28.33,75.58,2.89
11.92,79.83,2.36
21.65,69.67,3.19
11.67,92.72,2.99
9.0,76.92,1.98
22.23,76.4,3.37
18.53,73.85,3.72
18.5,73.9,3.77
19.8,85.82,3.34
25.77,87.47,3.57
23.33,86.42,3.86
19.92,77.58,3.33
25.4,72.98,3.19
8.23,77.33,1.95
26.75,79.02,3.11
34.0,74.36,3.86
25.05,84.92,3.49
20.75,75.67,3.34
26.46,79.31,3.34
34.17,74.53,2.85
30.05,74.85,2.49
13.24,80.26,2.51
10.92,79.35,2.18
24.65,92.9,3.81
13.15,80.07,2.5
22.07,80.75,3.95
17.82,74.12,3.96
25.43,91.37,5.26
12.92,79.58,2.49
19.98,84.88,3.48
22.55,88.49,3.58
19.8,78.6,3.22
30.65,79.57,4.32
26.73,91.92,3.81
22.3,76.77,3.28
16.82,74.12,3.81
22.25,84.8,3.64
23.83,73.4,3.68
11.05,75.87,2.14
12.22,78.07,2.7
32.97,74.95,2.54
10.38,76.82,2.63
8.78,76.7,1.98
18.77,84.08,3.24
19.6,76.22,3.45
21.8,86.73,3.53
22.21,88.17,3.57
24.63,73.38,3.95
22.71,88.0,3.59
25.38,86.7,3.54
24.67,79.01,3.55
24.68,79.12,3.46
28.32,76.78,2.89
26.58,90.22,3.72
9.27,76.78,1.97
24.87,78.86,3.45
24.14,78.75,3.65
24.55,79.23,3.47
25.06,78.99,3.38
24.25,78.31,3.52
27.72,79.02,3.05
22.4,88.85,3.59
27.77,79.37,3.08
23.67,85.28,4.0
33.2,74.19,2.45
22.38,85.42,3.89
14.88,79.02,2.73
17.08,82.13,3.0
15.8,79.77,2.8
26.95,79.66,3.17
12.98,79.98,2.46
12.25,75.3,2.34
10.98,76.23,2.17
8.97,76.62,1.99
23.9,92.92,4.96
27.0,79.23,3.13
25.67,94.5,5.29
25.1,93.43,4.64
26.27,92.58,3.82
26.42,79.05,3.15
24.72,75.58,3.65
24.63,85.8,3.72
23.5,68.5,3.31
27.55,73.67,2.96
25.75,93.97,4.94
25.45,86.02,3.51
12.34,76.1,3.29
25.33,84.42,3.46
22.57,87.18,3.59
28.38,74.81,2.81
19.7,84.82,3.37
15.28,79.8,2.72
13.32,80.2,2.5
13.13,80.23,2.49
11.48,79.77,2.31
21.55,86.43,3.59
22.98,75.7,3.83
10.55,76.62,2.18
19.62,75.02,3.57
27.23,95.93,4.29
9.0,76.93,2.0
25.27,72.23,3.07
9.43,76.35,2.01
24.02,78.78,3.65
24.64,79.08,3.45
23.78,84.35,3.85
13.11,79.94,2.49
24.53,79.05,3.5
15.23,77.73,3.12
22.22,70.75,3.36
14.47,78.45,2.61
26.83,92.75,3.96
24.87,87.1,3.62
21.65,74.7,3.4
22.55,86.45,3.68
33.58,75.08,3.03
33.65,75.38,3.3
25.17,85.07,3.5
16.2,77.35,3.05
21.88,83.38,3.59
21.23,81.65,3.57
23.32,77.83,3.62
24.0,76.72,3.53
22.3,70.78,3.37
21.1,81.03,3.58
18.77,79.43,3.08
23.32,85.32,4.35
23.32,75.05,3.82
16.98,73.33,2.86
26.98,84.85,3.4
16.55,79.55,2.87
24.53,81.3,3.6
28.83,76.58,2.79
29.85,77.88,2.83
23.52,91.48,3.72
23.15,87.32,3.61
19.85,84.48,3.8
22.37,87.78,3.56
17.68,78.97,3.34
20.6,85.07,3.98
18.98,75.5,3.65
20.4,76.15,3.79
21.43,76.7,3.36
27.0,79.88,3.19
9.67,78.85,2.1
28.07,94.13,4.54
26.7,79.85,3.21
33.8,74.27,3.03
21.93,75.13,3.36
21.62,75.98,3.52
20.32,77.02,3.56
30.32,80.28,4.46
19.22,83.67,3.47
15.95,75.3,3.33
21.62,83.72,3.55
24.57,87.25,3.85
27.17,84.32,3.36
22.0,88.21,3.56
26.33,86.15,3.5
26.83,79.24,3.14
17.88,78.02,3.42
9.38,76.82,2.09
24.68,84.52,3.53
23.62,87.13,3.66
26.65,90.4,3.75
20.58,84.37,3.72
12.93,79.33,2.52
23.6,71.57,3.16
34.06,74.6,2.86
18.82,84.53,3.27
14.42,75.5,3.17
28.77,74.58,2.69
26.05,87.7,3.59
22.35,73.35,3.81
28.98,75.68,2.69
25.37,75.64,3.26
13.11,80.12,2.48
27.18,82.28,3.27
14.62,75.62,3.24
29.77,73.75,2.42
30.42,77.94,3.13
18.79,72.93,2.97
25.32,90.43,3.72
30.47,79.68,4.44
12.97,78.28,3.31
26.34,78.95,3.16
21.78,85.13,4.49
29.72,77.27,2.76
25.05,74.47,3.64
27.78,79.45,3.09
22.77,88.77,3.59
26.42,92.73,3.84
21.62,87.02,3.5
27.03,95.28,4.48
16.4,74.0,3.57
30.73,76.06,2.55
27.61,79.58,3.11
24.0,76.72,3.52
25.02,72.53,3.26
21.72,78.83,3.53
30.71,76.01,2.55
29.95,77.19,2.74
28.23,75.29,2.89
21.73,69.49,3.21
28.35,73.96,2.71
10.97,79.82,2.26
24.09,78.02,3.49
25.23,87.07,3.57
23.85,78.75,3.77
21.75,88.05,3.54
11.65,78.17,2.38
21.47,83.97,3.5
20.85,88.25,3.5
16.85,74.6,3.45
17.7,74.02,3.78
24.57,80.83,3.59
25.98,76.37,3.21
22.08,79.55,3.92
27.88,79.9,3.14
23.43,76.32,3.66
25.67,76.68,3.21
25.57,91.88,5.24
31.1,77.17,3.96
13.93,75.63,3.12
14.07,74.53,2.49
25.33,77.65,3.55
24.42,81.87,3.59
27.62,75.13,3.15
24.82,92.8,3.81
24.92,92.98,3.91
18.85,79.97,3.06
17.67,75.9,3.33
23.65,87.7,3.65
29.92,73.88,2.42
34.08,74.83,2.85
26.25,82.0,3.32
31.53,76.9,2.95
26.13,86.58,3.52
21.2,72.83,3.2
23.88,87.53,3.66
22.85,88.57,3.59
23.87,73.57,3.61
20.32,83.93,4.34
30.53,76.91,2.68
24.95,94.03,4.76
26.55,85.87,3.46
27.63,77.48,2.96
22.29,88.14,3.57
27.8,78.85,3.05
25.25,87.65,3.57
27.77,95.6,4.07
25.3,84.08,3.44
22.37,92.83,4.19
21.62,72.9,3.24
33.83,74.11,2.91
25.97,75.74,3.24
18.28,76.88,3.48
27.62,91.72,5.11
33.7,74.09,2.85
21.78,80.83,3.98
32.99,75.0,2.64
25.85,85.78,3.48
23.02,68.98,3.33
20.95,79.97,3.38
30.19,77.0,2.7
17.43,75.2,3.41
21.03,76.67,3.3
22.96,88.09,3.6
15.17,78.3,2.7
21.95,79.3,3.88
22.3,71.2,3.48
34.04,74.8,2.84
21.58,83.82,3.56
20.05,85.08,3.51
28.5,79.1,3.01
22.37,70.62,3.3
26.0,72.48,2.98
33.29,74.12,2.62
23.63,84.37,4.15
32.87,74.68,2.26
25.27,85.8,3.5
27.0,79.18,3.12
9.85,78.75,2.11
25.18,80.3,3.36
24.52,84.98,3.61
20.4,76.22,3.75
30.67,76.77,2.65
24.89,78.35,3.43
24.77,78.37,3.51
28.02,75.64,3.04
24.58,80.83,3.59
13.43,79.98,2.51
9.37,77.93,2.02
21.65,78.78,3.53
9.18,78.45,2.06
23.08,87.82,3.61
11.43,78.37,2.86
23.4,79.67,3.86
24.65,72.6,3.4
24.85,72.23,3.29
25.4,85.98,3.48
20.12,76.47,3.7
19.8,76.87,3.53
27.33,88.63,4.84
26.65,91.92,3.81
10.78,79.13,2.2
26.62,92.78,3.86
22.07,75.4,3.26
8.48,76.95,2.02
8.47,76.95,1.96
24.77,78.83,3.48
13.67,79.38,3.57
10.77,78.72,2.17
13.67,79.58,2.57
12.48,78.57,2.68
13.15,79.53,2.49
20.3,83.3,3.5
9.73,79.03,2.13
26.17,75.75,3.2
13.33,77.08,3.27
8.8,78.15,2.03
8.75,78.18,2.02
24.58,73.7,3.93
24.62,73.88,3.81
23.18,75.78,3.77
22.5,87.95,3.57
23.53,80.88,3.79
31.47,76.27,2.58
11.4,76.73,4.29
22.57,72.93,3.32
25.3,83.02,3.39
25.45,82.87,3.38
10.37,79.85,2.21
12.92,79.15,2.55
15.87,73.63,2.65
20.9,70.37,3.15
23.53,77.82,3.6
17.68,83.3,3.16
17.72,83.23,3.07
18.05,79.37,3.17
20.67,78.58,3.37
20.4,78.15,3.56
