Latitude,Longitude,PTrain_RH2
24.6,72.72,41.5
10.33,79.38,74.34
23.88,91.25,80.43
10.85,72.47,90.15
27.17,78.03,37.42
13.5,75.1,86.05
23.07,72.63,55.31
19.08,74.8,55.93
26.45,74.62,33.0
20.7,77.03,41.38
20.7,77.07,41.56
9.55,76.42,77.35
18.63,72.87,80.1
27.88,78.07,37.41
22.28,74.4,50.35
25.45,81.73,45.11
27.5,76.58,34.14
30.38,76.77,37.76
23.17,83.25,51.79
11.12,72.73,89.32
20.93,77.78,42.27
21.6,71.22,61.68
31.63,74.87,39.0
14.68,77.62,45.26
20.83,85.1,61.55
11.17,79.0,58.13
13.53,78.5,57.94
19.88,75.33,48.86
19.85,75.4,48.58
22.3,86.93,69.29
12.99,80.2,72.63
10.35,79.4,73.95
30.08,78.72,51.22
18.18,72.99,80.84
22.03,73.67,58.18
12.88,80.15,72.27
17.05,75.78,50.59
24.07,78.06,40.11
16.57,76.47,46.52
24.95,71.53,39.41
27.14,79.28,40.38
23.6,72.95,47.97
22.38,93.15,87.55
16.67,74.9,61.18
24.53,78.72,40.37
26.85,79.08,39.82
29.96,78.61,40.9
11.47,77.88,46.23
24.77,84.18,53.03
26.35,75.03,33.64
21.17,73.18,66.6
8.87,77.5,72.76
12.89,80.11,71.6
17.83,80.48,50.24
17.1,76.22,46.14
17.17,74.53,64.87
10.02,78.78,67.77
28.75,79.72,44.03
25.03,86.9,63.3
26.35,74.12,32.67
28.27,72.85,28.0
21.38,71.05,63.94
18.73,76.38,46.8
20.13,73.03,71.29
22.41,88.3,77.05
26.67,90.6,75.54
16.07,75.95,52.64
25.97,93.5,84.38
14.47,79.72,66.53
21.98,72.9,67.16
23.65,91.62,82.4
24.53,87.57,65.87
27.54,79.6,41.75
18.42,83.9,70.87
29.93,78.53,42.23
16.15,76.38,48.67
25.62,94.53,86.56
23.4,85.52,59.57
8.67,76.77,79.37
12.02,76.3,76.46
25.09,78.86,39.83
26.06,78.21,38.03
29.19,73.21,28.36
25.05,78.86,39.87
13.53,80.07,69.97
28.47,95.52,78.92
15.68,78.97,57.13
17.75,74.05,69.92
9.87,76.35,77.77
24.23,87.28,65.14
24.48,76.33,38.41
28.57,74.51,30.04
23.05,72.97,54.98
24.57,78.88,40.46
17.23,76.48,44.61
11.08,76.58,78.6
12.05,78.78,59.64
19.88,75.33,48.74
27.24,79.89,42.42
9.97,76.25,80.56
33.12,75.32,38.74
16.7,75.25,56.12
22.98,88.37,72.88
22.63,77.98,41.07
27.57,81.6,45.0
18.58,81.23,60.1
21.52,86.93,75.75
13.37,75.45,81.33
25.75,84.17,52.69
25.22,88.78,69.38
25.47,80.37,43.18
12.97,77.58,55.13
12.95,77.63,54.56
33.5,75.17,37.93
23.23,87.07,66.64
23.55,74.45,44.03
15.9,80.47,72.74
18.15,74.58,59.29
28.37,79.4,41.97
21.93,86.77,71.38
25.75,71.38,33.61
22.3,73.25,63.14
22.33,73.27,62.69
33.12,75.32,37.99
19.0,75.72,47.95
15.85,74.53,75.9
15.85,74.62,74.15
15.15,76.85,47.45
24.13,88.27,68.65
21.87,77.93,44.4
25.23,86.95,63.44
27.22,77.5,36.41
30.17,74.58,32.28
21.75,72.18,70.23
19.92,83.18,55.01
25.35,74.63,35.77
18.45,73.4,73.73
23.28,77.35,41.17
20.25,85.83,69.97
23.25,69.67,60.78
31.83,77.17,37.98
17.92,77.53,46.88
16.82,75.72,52.29
28.0,73.3,28.53
31.25,76.67,37.17
20.7,83.5,53.8
20.6,79.85,42.95
20.53,76.23,45.57
20.62,72.93,73.79
20.22,75.42,48.53
21.9,84.03,53.04
27.13,94.12,83.69
25.82,86.27,60.88
27.05,79.85,42.01
27.78,74.57,30.46
13.68,77.07,52.91
28.48,76.18,33.19
22.92,69.17,68.58
27.52,76.77,34.61
23.22,88.88,72.37
16.9,74.37,67.99
24.08,85.87,59.36
30.0,78.59,42.22
23.73,86.32,61.75
27.0,79.65,41.42
23.32,88.65,71.54
23.95,92.08,82.42
25.58,86.27,60.95
27.58,81.6,45.0
30.37,77.87,38.05
22.23,85.32,60.27
24.87,86.45,61.46
33.22,74.09,35.97
26.3,84.78,54.78
22.87,88.27,73.49
24.78,79.02,40.38
26.22,84.38,53.28
25.11,75.63,36.96
22.97,75.2,43.9
27.9,79.0,40.14
19.3,75.47,48.68
17.31,78.48,49.03
22.33,88.3,77.71
26.25,89.6,72.59
30.67,76.97,37.66
34.03,74.94,37.09
26.97,77.08,35.49
29.89,78.61,38.35
25.42,86.32,61.19
15.25,79.47,64.45
33.66,74.01,35.56
27.82,93.9,79.41
19.73,85.22,72.02
34.05,74.75,36.89
26.13,75.87,35.14
26.33,73.15,31.97
23.98,85.78,59.24
19.48,83.98,64.14
28.46,75.64,31.94
25.62,85.15,56.62
22.63,88.3,75.23
23.8,86.35,61.81
23.28,85.82,60.29
21.49,70.07,70.82
30.04,76.53,36.39
22.65,79.15,44.87
26.72,88.32,66.31
20.67,86.12,69.18
22.73,88.66,74.56
25.77,87.1,63.88
21.7,87.07,75.3
26.72,79.9,42.08
25.5,87.37,64.89
24.2,78.22,40.15
23.1,80.05,44.01
24.3,85.42,57.58
27.48,82.78,47.24
25.22,84.42,53.82
23.05,75.37,43.08
26.32,91.0,77.59
26.32,82.33,46.43
23.83,84.12,53.11
23.73,87.02,65.06
22.35,87.37,71.61
29.73,76.75,36.24
26.13,87.47,64.79
23.6,87.53,67.63
16.07,75.37,60.11
25.1,76.4,37.38
34.25,74.55,36.49
26.65,85.58,57.58
14.48,79.8,67.42
21.77,72.15,65.89
30.61,76.1,37.07
34.38,73.77,34.84
29.07,76.31,34.03
25.18,85.52,58.14
19.57,74.65,54.51
23.3,81.67,46.85
22.37,87.42,72.07
23.17,79.45,43.28
25.15,84.62,54.58
32.62,74.82,44.14
33.21,74.43,35.46
26.43,70.58,31.33
13.0,80.27,73.95
22.22,88.1,79.0
25.05,83.62,51.1
21.32,74.1,54.84
22.01,88.33,78.47
24.77,88.03,67.31
20.48,86.23,71.02
30.52,76.84,38.26
29.89,78.66,43.29
24.67,79.16,40.71
33.68,75.08,37.67
21.93,69.77,67.63
25.58,72.67,34.46
22.87,78.22,41.04
29.82,78.72,38.76
26.25,78.25,38.16
30.56,76.21,37.17
24.4,83.58,50.88
30.27,76.03,35.74
25.65,87.13,64.07
22.95,88.55,73.15
32.94,74.39,42.49
24.07,79.08,41.69
24.18,72.03,42.7
20.45,72.88,74.33
26.8,79.25,40.26
21.67,87.35,76.74
25.7,92.02,80.31
25.28,74.67,36.0
30.19,76.63,37.1
27.14,79.75,41.87
20.62,83.35,53.15
20.9,77.6,41.46
24.27,73.38,40.57
25.55,84.87,55.54
26.05,77.37,37.02
27.07,88.2,64.73
11.68,77.13,68.29
31.28,76.25,36.92
26.7,88.48,66.94
20.43,85.98,68.83
22.13,84.8,56.79
22.68,84.55,55.88
24.63,93.77,85.48
26.05,86.98,63.17
34.4,74.32,36.23
19.02,72.85,78.81
27.25,92.4,86.1
14.6,76.68,51.83
17.89,78.46,46.42
34.01,74.64,38.08
26.82,94.83,83.29
27.87,96.37,75.85
32.65,74.82,44.25
24.1,92.6,83.11
34.48,74.24,37.64
17.33,78.41,48.52
23.35,92.83,84.98
27.35,73.1,29.02
30.19,76.51,36.8
22.36,88.12,77.6
34.53,76.2,48.08
34.38,74.99,44.22
24.02,87.15,64.99
34.28,74.44,36.38
33.6,75.02,39.08
28.26,75.37,31.42
22.25,85.8,63.72
26.52,71.81,30.32
26.77,92.6,81.38
25.5,83.85,51.76
13.62,76.42,60.33
22.25,88.67,78.59
9.17,92.83,78.34
22.55,85.82,62.12
24.92,75.58,37.34
22.03,82.7,48.73
20.78,86.73,75.19
19.97,79.3,41.96
26.2,92.52,82.34
25.78,84.73,54.89
13.0,80.18,72.43
13.07,80.25,73.57
25.25,91.73,80.83
22.1,79.0,46.88
13.25,75.75,78.27
14.23,76.43,59.09
24.88,74.63,37.28
24.65,83.1,49.2
28.25,74.92,30.59
11.0,76.97,65.33
11.03,77.05,63.24
21.78,87.75,77.6
26.33,89.47,72.01
11.77,79.77,74.05
14.48,78.83,52.93
20.47,85.93,68.05
20.22,73.05,70.89
22.52,88.78,76.42
25.68,85.35,57.41
26.84,79.53,41.04
11.15,75.82,81.1
17.31,78.87,48.68
26.92,79.21,40.18
30.4,74.9,33.87
29.66,77.45,37.78
22.97,86.05,62.14
22.15,70.58,62.36
29.39,76.99,36.3
24.04,79.1,41.84
30.73,76.79,38.55
28.43,75.51,31.75
27.72,96.23,79.79
26.57,94.7,83.35
24.05,86.9,63.88
25.88,87.13,63.9
28.16,75.46,31.47
25.68,93.23,83.6
21.43,71.22,64.34
25.3,93.72,85.95
28.68,73.12,28.19
24.88,78.97,40.19
11.83,76.07,84.0
27.22,93.12,79.75
28.78,96.27,77.88
22.22,78.43,46.11
25.68,94.3,87.08
24.47,86.25,60.75
29.98,77.1,37.68
24.79,79.08,40.47
24.52,84.95,55.78
20.68,86.85,76.04
28.75,73.99,29.34
25.07,75.5,37.03
26.22,87.02,63.25
28.67,96.15,74.41
11.4,79.7,72.77
17.6,78.75,48.39
21.52,73.65,59.92
16.45,74.33,71.1
25.17,82.53,47.5
15.58,79.88,68.46
26.63,94.92,83.06
19.07,79.07,41.38
22.12,77.5,42.65
24.05,86.15,60.7
23.18,76.97,40.92
27.93,79.28,41.03
17.56,78.22,46.65
10.97,77.28,57.41
17.29,78.03,48.58
27.12,79.41,40.7
10.7,76.75,65.05
17.23,79.13,49.66
23.67,76.23,40.07
24.45,85.17,56.55
18.72,72.9,79.48
12.5,76.3,71.85
26.5,75.67,34.24
21.1,85.33,60.85
21.7,79.68,44.18
22.12,76.9,40.85
30.69,76.09,37.39
26.72,94.23,84.36
25.27,87.22,64.51
13.63,74.7,83.36
20.5,85.83,67.08
19.97,72.72,76.55
32.53,75.97,43.26
24.05,84.07,52.73
23.83,79.45,42.3
26.17,85.9,59.23
27.05,88.27,77.77
25.67,78.47,38.79
24.2,72.2,42.44
30.32,78.03,37.54
24.92,84.18,52.99
16.38,73.35,84.1
23.78,86.43,62.22
22.6,75.3,44.83
12.13,78.03,50.7
32.27,76.38,37.33
26.67,77.83,37.27
26.02,89.98,74.13
26.15,89.92,73.81
22.18,88.2,79.29
27.48,95.02,82.73
21.83,87.78,77.57
20.72,70.92,76.43
22.83,74.27,48.93
17.72,83.3,75.38
24.27,87.25,64.95
23.83,73.67,43.77
21.18,81.28,45.6
23.48,87.32,67.11
22.37,69.08,71.82
26.12,92.87,83.32
29.9,78.55,38.67
32.86,74.9,43.2
17.91,78.01,45.19
24.48,71.73,41.89
30.27,80.52,70.31
32.58,74.93,43.85
26.91,79.6,41.24
26.1,90.78,76.94
24.93,92.77,83.36
24.03,84.07,52.7
20.42,72.85,74.75
26.31,79.3,40.34
30.22,74.17,32.0
34.17,74.9,37.18
32.65,74.9,43.69
24.73,79.21,40.74
26.63,92.8,82.75
34.33,74.38,36.31
24.02,85.55,58.73
28.45,72.5,27.64
25.33,88.32,67.89
30.75,76.15,37.74
27.9,96.3,79.12
28.02,96.23,75.39
25.75,75.38,35.34
18.25,77.1,45.62
25.74,79.16,40.13
23.13,78.68,41.55
27.98,79.42,41.61
26.17,85.0,55.76
29.73,78.47,40.07
23.43,73.75,47.84
20.03,75.03,49.79
33.13,75.98,44.82
29.86,78.64,40.3
26.92,71.37,29.12
30.66,76.83,38.78
24.6,92.83,83.43
33.27,74.55,35.82
17.65,77.47,46.16
30.58,76.82,38.52
25.98,87.13,63.85
24.42,85.98,59.71
28.93,76.17,33.66
33.53,74.22,35.65
29.93,78.74,38.51
24.37,92.17,82.03
26.7,77.9,37.36
29.91,78.7,38.47
25.6,75.61,35.95
21.48,85.82,67.15
33.58,74.09,34.47
26.47,92.47,82.03
19.3,75.67,47.14
22.98,71.47,54.13
22.57,70.42,66.72
23.57,76.78,40.24
32.74,74.81,44.83
24.15,78.23,40.23
28.39,75.63,31.85
28.35,75.64,31.88
16.22,73.83,76.15
27.13,94.77,83.91
26.17,93.57,83.26
17.94,78.68,47.37
20.17,84.85,65.74
27.1,79.95,42.63
26.35,89.9,73.47
27.27,93.07,79.36
32.56,74.92,43.68
24.53,84.92,55.7
12.17,76.6,69.5
15.68,74.97,68.59
34.27,74.47,36.4
34.45,74.41,37.12
34.39,73.79,34.77
21.07,83.2,51.45
18.02,78.9,47.25
34.37,73.98,59.59
23.75,86.17,60.77
16.05,73.92,77.4
23.42,91.67,83.5
29.08,74.68,30.89
28.87,75.45,32.1
25.32,86.02,60.08
25.55,84.15,52.77
23.98,86.02,60.17
22.97,74.12,49.11
24.76,79.05,40.46
23.13,84.85,57.35
20.0,76.3,44.36
27.5,95.75,82.02
16.73,76.92,43.58
21.7,74.03,55.99
26.28,79.29,40.35
25.93,90.77,76.83
27.79,79.31,41.1
29.28,78.12,39.33
25.97,85.12,56.39
28.19,74.69,30.2
26.13,89.47,72.13
10.03,76.3,79.56
11.22,76.15,74.0
13.07,80.26,74.01
17.58,78.54,48.92
13.25,80.33,74.16
13.13,80.25,73.25
8.18,77.63,77.58
26.75,82.08,45.6
25.93,80.83,43.38
30.92,74.67,35.46
26.3,87.27,63.96
22.37,88.78,77.72
16.28,78.68,56.35
30.72,76.77,38.57
26.35,79.23,40.17
25.77,75.63,35.55
24.18,92.02,81.9
11.18,75.85,81.15
17.84,78.12,45.64
15.42,75.63,61.71
27.33,88.62,74.39
16.53,80.8,64.0
24.75,84.95,55.75
25.4,83.55,50.75
22.77,83.97,54.15
27.13,81.97,45.37
21.47,80.2,44.08
19.27,84.88,74.37
26.75,83.37,49.21
17.35,76.85,44.22
34.05,74.4,50.36
24.65,77.32,39.1
28.42,77.0,34.91
26.1,91.58,79.59
26.23,78.25,38.08
15.42,75.62,61.96
27.23,79.28,40.41
33.89,74.29,41.53
24.05,76.45,39.27
25.58,76.3,36.63
15.73,75.98,55.61
16.27,76.83,45.15
23.52,74.0,46.11
20.1,84.57,63.72
9.92,77.53,59.4
34.16,74.57,36.54
30.65,78.85,59.19
27.85,78.47,38.47
14.55,78.73,51.95
29.9,78.68,41.04
26.01,79.38,40.53
32.79,74.77,45.08
29.97,78.53,38.41
26.7,94.12,84.4
17.61,78.47,48.4
27.72,79.65,42.05
22.77,87.8,72.99
23.28,84.55,56.16
20.88,73.72,61.03
28.3,75.71,32.0
22.9,88.16,73.18
20.13,78.32,42.33
29.85,77.05,37.17
25.22,87.17,64.3
23.95,87.1,64.92
22.7,70.65,63.69
27.22,73.47,29.79
30.72,75.98,37.16
32.98,74.41,40.89
28.36,74.9,30.56
27.7,79.57,41.82
20.67,79.13,42.63
22.25,88.5,77.8
33.26,74.14,34.44
27.32,84.32,51.6
23.27,87.97,70.55
31.52,76.02,39.87
27.98,72.25,27.76
24.9,72.83,37.04
20.72,70.99,76.56
34.08,74.57,36.78
14.97,78.25,48.86
34.1,74.58,36.66
21.92,85.37,62.49
22.02,69.92,65.73
22.26,88.97,79.11
22.86,88.04,73.21
16.75,77.3,44.27
25.73,75.54,35.54
19.92,77.05,43.49
25.93,85.33,57.25
18.17,73.3,76.66
21.33,69.9,75.56
16.72,75.43,55.49
17.21,78.9,48.92
14.83,76.63,52.66
25.96,75.59,35.16
12.84,80.06,70.88
25.6,85.2,56.85
18.98,84.02,69.87
20.37,83.37,54.05
17.63,80.93,52.17
22.55,72.22,63.94
20.28,84.7,63.92
14.98,74.92,75.13
15.17,77.38,45.76
16.28,76.62,46.33
24.67,84.77,55.15
30.64,76.81,38.71
30.1,79.97,57.87
28.07,94.57,76.78
24.67,75.6,38.05
18.02,79.57,46.19
27.38,80.17,43.44
17.82,73.1,81.56
13.0,76.15,71.68
28.08,96.5,75.9
23.98,85.37,58.38
29.17,75.73,32.77
14.28,74.45,83.69
22.77,77.77,40.67
10.58,92.55,78.14
17.45,78.47,48.52
9.5,76.63,73.52
15.8,76.98,43.45
15.02,75.95,58.29
30.03,77.89,39.52
28.18,75.39,31.4
34.28,74.2,42.14
13.0,75.7,79.99
33.39,74.23,35.05
27.65,79.95,43.02
15.43,75.8,59.29
26.86,79.06,39.91
31.03,78.73,64.36
22.57,75.82,43.43
34.53,75.13,48.18
24.6,87.08,63.9
17.55,75.9,47.72
22.62,86.13,63.68
23.67,84.95,56.72
26.39,79.48,40.99
26.53,75.87,34.36
13.95,76.62,55.85
29.93,78.52,38.4
26.0,92.87,83.4
14.03,75.68,69.13
13.54,77.3,51.12
27.57,93.85,82.15
12.82,77.03,57.82
13.23,77.12,55.78
16.47,76.53,45.92
34.3,74.25,38.29
28.78,95.88,72.54
24.53,84.02,52.47
30.17,76.54,36.82
27.68,76.45,33.38
25.05,84.63,54.67
27.6,78.05,37.32
26.27,91.37,78.95
23.83,73.03,45.09
24.77,93.9,85.62
22.72,75.8,43.1
17.69,78.87,48.19
27.16,79.27,40.33
29.84,78.75,47.43
24.68,74.13,38.08
27.68,74.07,29.86
11.57,75.6,81.71
11.77,79.38,66.53
27.24,79.44,40.9
34.65,76.02,50.94
30.1,77.75,39.55
20.13,85.15,67.47
24.28,85.17,56.77
27.33,82.7,47.02
23.2,79.95,43.79
19.08,82.03,55.28
26.82,75.8,33.68
26.9,70.92,28.91
21.05,75.57,44.43
25.35,72.62,35.25
26.53,88.72,68.53
32.67,74.83,42.72
22.82,86.18,63.11
22.82,86.18,63.13
22.88,84.13,55.95
25.08,73.08,36.18
18.2,75.2,52.55
24.53,76.17,38.29
25.45,78.58,39.1
21.92,84.08,53.22
26.3,73.02,31.88
30.55,79.57,48.47
33.19,74.15,35.88
14.53,76.35,57.5
22.23,85.65,62.85
25.48,84.42,53.75
25.05,84.08,52.69
26.2,73.94,32.89
28.88,74.07,29.52
26.72,89.88,72.01
21.73,75.15,46.49
22.47,70.07,69.22
26.1,92.73,83.1
26.38,79.19,40.1
24.92,86.22,60.76
17.61,78.88,48.53
25.55,82.32,46.67
23.63,75.13,41.6
28.05,94.18,78.82
30.64,76.05,37.11
30.8,75.82,37.24
29.28,77.42,36.97
33.98,74.27,51.56
28.06,75.28,31.23
25.1,78.8,39.73
33.78,74.07,34.52
26.21,73.07,32.36
33.34,74.21,34.7
32.6,74.87,44.06
24.43,85.52,57.82
23.1,74.15,48.07
22.17,86.63,68.9
30.03,77.83,39.8
17.74,78.47,47.96
28.33,75.68,31.96
16.33,74.78,66.01
16.43,74.68,65.94
25.38,74.3,35.5
29.8,78.65,38.44
22.52,85.63,62.08
26.13,87.62,65.3
20.78,85.72,64.15
20.82,75.97,43.48
21.85,87.92,78.45
10.95,78.08,50.6
24.32,92.0,81.67
16.95,82.23,73.18
27.07,88.47,67.91
18.33,84.13,74.15
11.73,78.97,59.8
32.4,78.25,53.81
20.27,81.48,47.73
22.67,76.73,40.95
11.83,75.33,82.78
26.43,80.37,43.21
8.08,77.5,79.73
31.33,75.33,38.68
10.92,79.83,73.87
10.07,78.8,68.51
29.7,77.03,36.67
14.78,74.13,83.64
33.0,74.9,36.15
21.62,85.58,64.25
21.32,70.32,70.17
24.98,79.92,41.95
17.25,80.15,51.76
21.83,76.37,41.9
21.82,75.62,43.87
27.9,80.8,44.89
22.08,82.15,48.2
9.95,76.27,80.49
10.23,77.47,82.64
12.95,78.3,59.83
16.7,74.23,71.88
22.53,88.33,75.98
22.65,88.45,75.02
7.22,93.73,80.78
10.75,79.35,64.27
25.15,75.85,37.0
25.18,75.9,36.96
17.55,80.63,52.52
9.53,76.6,74.11
11.25,75.78,81.13
23.4,88.52,71.08
10.4,78.67,63.64
33.58,75.5,39.43
34.42,74.3,36.53
15.83,78.07,47.57
26.85,79.5,40.96
25.22,82.72,47.99
13.24,76.86,56.92
19.28,74.37,59.86
17.87,78.76,47.76
17.22,78.03,48.56
13.55,76.01,67.87
22.5,73.75,55.56
21.53,73.43,62.75
32.68,74.76,44.64
31.91,75.45,41.86
29.92,77.07,37.4
13.02,80.12,71.16
27.57,79.35,40.95
27.51,79.51,41.46
30.02,79.07,45.98
13.35,77.98,55.56
34.3,73.95,46.15
34.12,74.81,36.97
28.62,72.97,28.02
22.17,85.62,62.82
27.78,79.32,40.49
21.85,72.13,69.78
17.5,74.75,61.71
26.7,89.45,70.34
28.19,75.7,31.93
20.03,77.83,42.63
25.25,94.47,87.37
26.89,79.65,41.37
17.92,82.97,67.61
22.44,88.1,76.83
11.7,75.53,81.86
30.04,73.95,31.08
9.82,77.15,83.06
21.95,85.32,62.13
21.23,78.9,43.31
22.05,78.3,45.95
26.8,75.64,33.55
19.25,73.15,74.83
19.5,83.32,58.8
33.23,74.39,36.09
32.96,74.41,40.85
24.6,84.82,55.32
29.79,78.71,38.23
19.9,86.12,75.56
29.87,78.72,42.86
20.27,85.18,66.3
21.42,79.27,45.09
17.07,78.49,51.37
25.4,79.5,40.94
12.85,74.9,82.49
28.93,74.89,31.18
23.1,71.4,54.68
23.43,85.32,58.92
12.42,78.38,54.65
11.83,75.67,79.72
23.48,70.47,57.61
22.42,71.87,62.18
25.13,75.58,36.88
24.54,75.71,38.3
25.7,81.35,44.35
17.28,76.22,46.3
21.78,85.97,66.59
21.32,77.61,42.0
10.92,76.43,69.14
10.47,79.73,70.75
20.23,83.28,54.33
18.15,73.0,81.2
27.05,79.39,40.61
26.65,79.99,42.35
27.23,79.25,40.32
23.1,74.87,44.45
28.37,76.9,34.49
29.82,78.53,38.92
19.72,76.27,44.48
33.77,74.35,43.5
30.66,76.84,38.8
26.18,92.73,82.3
23.32,91.32,83.11
25.05,75.0,36.83
26.49,79.19,40.4
9.18,76.55,78.75
10.98,78.23,50.05
34.45,74.29,36.27
24.75,78.25,39.43
24.03,79.2,41.79
17.75,77.9,45.48
27.08,79.82,41.96
15.85,77.27,44.59
22.84,88.42,73.77
24.98,78.27,39.17
23.6,74.62,43.02
23.35,77.07,40.61
16.62,73.9,78.95
23.63,85.0,57.14
22.6,81.47,50.04
18.75,73.55,72.75
26.99,79.64,41.4
24.82,78.76,39.98
33.53,77.5,59.81
24.37,82.95,48.82
25.05,84.05,52.59
25.07,83.95,52.2
16.55,73.62,80.04
29.89,78.66,40.78
24.86,78.86,40.1
29.12,75.52,32.45
25.5,75.85,36.4
23.97,93.22,85.04
23.37,93.12,86.22
29.98,78.62,38.49
24.97,85.1,56.29
22.53,88.32,76.03
26.52,85.97,59.2
26.25,76.33,35.53
28.04,75.65,31.71
25.65,94.03,87.97
33.23,74.63,38.95
20.18,85.62,69.91
28.12,74.76,30.36
25.35,75.53,36.43
18.12,73.0,81.73
21.18,71.65,71.05
25.53,86.55,61.99
26.82,70.7,29.52
21.51,77.52,48.29
22.52,79.03,45.64
21.43,78.97,43.32
13.18,80.04,68.79
27.69,79.67,42.11
17.97,78.72,46.99
16.97,78.35,50.26
34.29,74.23,39.18
34.17,74.27,41.71
15.2,76.22,53.34
19.83,83.73,60.15
12.46,80.1,74.03
24.53,75.65,38.32
16.75,77.78,46.56
10.08,78.75,66.91
13.93,78.27,53.55
27.69,79.65,42.04
16.1,78.3,49.3
16.03,79.95,65.44
28.23,95.0,78.5
11.15,75.97,79.38
26.75,94.83,82.59
29.54,77.49,37.64
9.23,76.87,72.4
33.5,74.83,63.5
21.43,74.43,51.74
12.71,76.95,58.14
8.77,78.1,76.44
11.73,75.88,93.42
24.38,84.53,54.28
25.85,85.6,58.34
30.4,77.95,37.35
12.48,76.87,61.79
8.37,77.0,79.19
34.1,74.65,36.74
17.67,82.23,67.54
34.11,74.52,37.15
18.93,77.48,43.05
9.8,76.8,85.26
17.83,73.92,71.84
23.72,85.5,58.6
23.8,81.35,45.53
12.92,74.82,83.15
26.62,89.83,72.19
24.65,79.15,40.72
29.98,78.7,38.46
24.22,84.67,54.93
23.97,87.17,65.17
17.97,78.86,47.3
27.83,79.47,41.63
16.13,76.58,47.69
9.75,76.57,73.45
11.98,75.95,88.53
24.71,79.22,40.76
24.82,85.25,56.82
16.17,76.88,45.27
32.89,74.74,45.27
24.59,79.18,40.83
34.51,76.27,52.5
23.8,80.8,44.36
26.42,87.43,64.39
13.32,77.14,55.08
24.37,87.42,65.42
23.8,86.28,61.48
12.42,92.93,80.95
26.75,80.88,43.68
30.93,75.87,37.85
30.9,75.8,37.51
25.75,93.18,83.87
34.03,74.68,37.28
25.55,76.22,36.58
34.42,74.23,36.38
30.38,77.81,38.43
24.5,87.13,64.2
24.58,78.88,40.45
21.7,84.67,56.62
23.27,92.47,85.44
25.2,93.3,84.11
13.7,75.67,71.9
25.58,93.77,86.33
26.77,84.98,55.22
27.23,94.12,83.41
25.18,86.08,60.32
28.33,73.2,28.46
24.37,87.2,64.65
21.85,87.22,74.2
24.17,88.27,68.6
30.72,76.25,37.87
17.44,78.54,48.3
22.22,70.23,65.7
24.11,78.98,42.55
25.47,92.8,82.6
25.5,93.12,83.87
27.75,95.92,81.09
27.03,79.39,40.6
21.72,71.38,60.42
18.03,75.33,52.1
21.08,83.4,52.14
26.35,75.57,34.38
25.3,93.43,85.04
32.8,79.18,61.21
27.32,95.9,80.77
26.03,90.17,74.87
21.55,71.35,63.07
17.18,78.71,50.68
16.17,76.52,47.6
34.0,74.92,37.2
20.2,83.7,60.93
23.4,69.88,59.24
22.32,87.05,69.6
22.83,85.12,58.19
17.98,76.33,47.54
26.87,79.11,39.92
12.02,77.25,62.48
25.2,94.47,88.37
25.68,92.8,82.82
20.78,77.67,42.06
24.7,79.02,40.53
22.88,69.82,68.12
23.83,87.82,67.99
32.52,74.76,43.62
26.28,94.25,83.94
24.55,92.6,82.93
24.87,86.52,61.7
29.97,77.04,37.4
28.07,75.62,31.71
9.92,78.12,58.85
9.83,78.08,60.35
17.93,73.67,77.91
16.75,78.0,48.23
21.08,71.78,73.71
27.23,79.05,39.75
26.75,92.35,80.97
22.0,80.7,46.86
25.03,88.13,67.43
20.55,74.53,53.12
21.17,81.73,46.65
32.27,77.17,45.5
22.58,80.37,45.01
22.82,69.27,69.52
12.5,76.83,62.41
12.92,74.88,83.89
12.95,74.83,83.27
16.18,81.13,72.44
27.5,77.68,36.65
12.92,92.92,81.57
18.05,78.27,45.26
12.42,75.73,88.14
29.02,77.63,37.16
11.8,77.82,45.33
22.42,87.32,71.04
8.3,73.0,89.11
28.83,78.75,40.38
15.42,73.78,84.95
26.67,84.92,55.0
30.58,78.48,49.9
29.47,79.65,59.68
18.9,72.82,79.48
19.12,72.85,78.37
30.45,78.08,51.48
29.47,77.73,38.2
26.12,85.4,57.35
12.3,76.7,67.59
11.8,76.0,86.41
27.54,79.69,42.04
24.65,84.58,54.35
15.47,79.87,69.08
20.87,84.4,57.55
13.11,80.3,74.33
9.93,78.12,58.7
16.45,77.43,43.72
22.87,87.98,72.97
24.77,77.7,39.35
24.78,78.44,39.78
28.45,76.11,32.93
26.4,89.75,72.6
24.03,78.38,40.77
22.69,88.15,74.7
21.02,73.15,67.98
25.03,87.32,64.71
19.47,82.58,57.04
26.72,92.9,82.66
10.2,76.72,69.29
26.13,85.63,58.26
28.42,73.37,28.36
24.85,83.78,51.6
24.05,78.89,41.57
21.55,74.7,49.52
17.53,78.59,48.79
26.02,79.34,40.42
15.68,75.63,58.6
27.87,79.44,41.57
12.75,79.67,63.8
13.04,80.23,73.42
16.53,75.58,54.05
19.62,74.57,55.06
27.57,79.74,42.19
30.77,79.48,69.36
17.93,78.8,47.96
25.65,75.59,35.59
17.55,73.98,74.53
19.32,74.33,59.79
23.1,80.23,44.41
26.43,92.03,80.95
17.52,75.47,51.32
18.23,73.28,76.5
20.83,78.25,42.21
22.83,85.03,57.99
30.71,76.84,38.47
22.07,88.05,78.48
17.25,78.59,49.77
9.48,76.75,70.23
16.55,74.68,64.67
18.93,74.32,61.2
28.05,72.48,27.79
20.25,74.45,54.76
15.85,75.12,64.4
13.03,80.27,73.81
16.38,75.37,57.31
17.43,75.53,50.98
26.08,86.48,61.39
27.92,94.38,79.4
23.77,81.22,45.03
8.82,77.8,69.52
27.19,79.27,40.33
26.53,72.97,31.05
24.9,79.19,40.54
9.98,76.27,80.42
25.02,84.82,55.36
22.6,86.43,65.26
25.57,91.72,81.47
25.57,92.07,81.54
23.07,71.08,58.27
17.77,73.83,73.91
15.93,76.58,47.52
25.08,84.38,53.71
23.5,73.5,47.77
28.8,74.94,30.97
26.37,85.12,56.11
24.75,94.37,86.81
25.42,74.55,35.51
25.68,94.63,85.98
12.87,78.77,54.46
11.57,75.77,79.2
11.57,76.15,87.78
26.57,94.67,83.27
13.24,79.94,66.64
20.88,75.15,47.19
21.84,69.38,74.24
26.8,92.6,81.18
20.43,86.6,75.28
28.23,77.45,36.19
29.75,77.23,37.37
25.53,92.47,82.25
33.14,74.33,38.57
34.68,77.38,49.62
14.07,79.6,64.07
30.63,76.89,38.81
24.65,92.63,83.01
15.03,76.08,56.87
11.98,77.45,54.11
24.08,73.23,42.3
26.8,76.8,35.38
27.17,92.18,86.93
12.57,78.7,59.04
27.5,96.25,79.77
28.38,95.8,77.33
34.51,74.26,36.41
17.87,78.2,46.29
25.32,83.85,51.83
30.19,76.99,37.81
20.76,70.67,76.89
24.2,93.6,86.08
19.68,77.57,43.11
26.38,93.48,83.44
29.2,76.77,35.24
22.8,69.72,69.1
22.65,88.09,74.95
10.92,79.75,71.62
22.03,74.7,48.52
11.72,76.43,81.3
9.83,76.75,74.25
26.7,89.28,70.01
22.1,85.88,64.85
29.92,77.17,37.66
26.12,92.33,81.25
26.28,75.38,34.24
13.73,75.33,79.04
19.33,74.35,59.27
27.7,76.85,34.57
10.77,79.85,74.45
27.17,73.67,30.23
21.1,79.05,43.17
30.55,77.3,35.99
29.62,78.38,40.34
17.0,79.25,51.03
23.25,68.85,65.28
7.98,93.53,80.28
19.08,77.33,42.49
21.33,74.25,53.41
15.47,78.48,51.18
28.0,76.08,32.71
16.43,81.7,72.13
22.95,79.18,42.68
14.45,79.98,70.49
28.57,77.12,35.22
28.58,77.2,35.61
23.0,70.22,67.33
16.92,81.67,63.04
24.47,74.9,38.76
18.67,78.1,43.13
27.23,94.12,83.27
25.07,79.45,40.88
22.33,88.2,77.88
24.66,78.81,40.25
25.32,85.03,56.22
14.18,77.37,47.68
9.55,78.7,70.77
24.65,79.01,40.78
27.02,94.17,84.07
17.53,77.28,44.22
27.0,79.1,39.89
27.2,73.73,30.25
24.09,78.41,40.68
26.2,79.45,40.76
22.75,72.57,60.34
30.36,77.98,37.94
26.61,79.78,41.71
28.96,76.88,35.36
30.25,78.12,38.21
21.45,73.72,59.13
26.42,91.43,78.98
23.83,76.23,39.68
25.31,75.62,36.6
32.99,74.5,38.55
26.97,95.05,83.98
19.72,74.15,59.42
28.82,75.5,32.16
23.3,69.72,60.05
26.63,91.73,79.67
33.59,74.24,35.62
34.12,74.68,36.79
30.48,77.13,38.96
32.94,74.38,40.36
13.17,79.22,58.05
26.35,79.14,40.07
24.77,85.43,57.66
25.32,73.53,35.27
34.01,74.55,38.25
23.77,77.77,40.26
25.42,83.43,50.33
22.17,75.58,43.55
25.28,71.23,36.81
34.22,74.69,36.84
27.24,79.43,40.83
25.38,84.2,52.99
17.74,78.15,46.03
25.07,85.03,56.02
23.85,86.03,60.17
20.35,74.82,50.71
13.9,79.9,68.75
24.6,79.25,40.93
26.83,94.3,84.31
13.51,77.0,55.23
20.38,75.33,48.86
10.23,78.55,62.49
24.07,78.16,40.31
21.62,74.8,48.78
17.85,77.87,45.55
17.65,74.2,68.24
26.97,79.21,40.2
27.23,79.76,41.97
23.52,73.07,48.47
27.97,93.85,77.35
22.02,87.28,72.89
11.28,76.25,71.12
17.25,80.43,53.83
19.37,84.47,69.33
27.52,75.53,32.13
24.02,78.8,41.47
8.93,76.53,80.03
22.03,71.72,63.73
19.1,78.35,42.64
23.78,86.72,63.57
23.63,86.82,64.36
27.45,92.63,84.35
30.23,76.62,37.14
26.32,79.0,39.71
25.68,91.63,80.05
19.23,82.55,57.82
24.75,93.43,84.44
20.28,85.1,66.44
28.93,95.02,73.1
27.43,92.13,87.31
21.88,87.77,77.25
17.53,78.77,48.57
22.48,69.12,71.49
15.57,80.05,71.21
25.98,79.5,40.85
18.17,76.05,48.74
20.13,73.92,60.32
14.47,76.93,49.54
24.42,82.98,48.91
24.52,73.37,38.97
27.76,79.11,40.36
22.31,69.02,71.37
12.32,79.72,69.07
12.72,79.2,58.95
12.84,79.95,68.56
30.09,73.9,31.13
26.7,92.33,81.08
26.82,91.87,79.17
22.47,78.43,50.08
34.03,75.33,42.52
10.77,76.65,66.07
8.73,77.75,69.02
9.27,78.3,76.45
23.62,86.78,64.16
15.48,73.82,84.57
24.72,80.17,42.67
29.03,79.47,43.03
20.3,86.68,76.89
11.5,79.77,74.29
19.27,76.83,43.33
28.1,95.38,80.13
30.33,76.47,37.02
25.6,85.1,56.38
22.77,81.9,48.86
27.13,72.37,29.01
20.48,84.27,61.46
28.33,75.58,31.65
11.92,79.83,74.51
21.65,69.67,73.77
11.67,92.72,81.49
9.0,76.92,73.32
22.23,76.4,41.39
18.53,73.85,68.44
18.5,73.9,68.1
19.8,85.82,75.55
25.77,87.47,65.08
23.33,86.42,62.61
19.92,77.58,42.21
25.4,72.98,35.08
8.23,77.33,76.64
26.75,79.02,39.81
34.0,74.36,59.51
25.05,84.92,55.7
20.75,75.67,44.63
26.46,79.31,44.59
34.17,74.53,36.86
30.05,74.85,32.71
13.24,80.26,73.06
10.92,79.35,62.91
24.65,92.9,83.6
13.15,80.07,69.75
22.07,80.75,47.0
17.82,74.12,69.36
25.43,91.37,80.31
12.92,79.58,62.14
19.98,84.88,67.38
22.55,88.49,75.61
19.8,78.6,41.72
30.65,79.57,63.68
26.73,91.92,80.03
22.3,76.77,40.7
16.82,74.12,74.62
22.25,84.8,56.63
23.83,73.4,44.25
11.05,75.87,80.67
12.22,78.07,52.71
32.97,74.95,38.97
10.38,76.82,77.17
8.78,76.7,79.4
18.77,84.08,69.31
19.6,76.22,44.49
21.8,86.73,71.84
22.21,88.17,79.13
24.63,73.38,38.4
22.71,88.0,74.24
25.38,86.7,62.58
24.67,79.01,40.67
24.68,79.12,40.65
28.32,76.78,34.35
26.58,90.22,74.53
9.27,76.78,71.57
24.87,78.86,40.08
24.14,78.75,41.25
24.55,79.23,40.95
25.06,78.99,40.05
24.25,78.31,40.16
27.72,79.02,40.05
22.4,88.85,77.51
27.77,79.37,41.25
23.67,85.28,57.77
33.2,74.19,35.91
22.38,85.42,60.49
14.88,79.02,57.62
17.08,82.13,70.66
15.8,79.77,65.44
26.95,79.66,41.45
12.98,79.98,68.19
12.25,75.3,80.1
10.98,76.23,73.78
8.97,76.62,79.93
23.9,92.92,84.87
27.0,79.23,40.25
25.67,94.5,88.41
25.1,93.43,84.41
26.27,92.58,82.57
26.42,79.05,39.84
24.72,75.58,37.93
24.63,85.8,58.96
23.5,68.5,66.84
27.55,73.67,29.43
25.75,93.97,85.19
25.45,86.02,60.02
12.34,76.1,78.69
25.33,84.42,53.78
22.57,87.18,69.46
28.38,74.81,30.41
19.7,84.82,69.47
15.28,79.8,69.2
13.32,80.2,71.05
13.13,80.23,72.8
11.48,79.77,74.22
21.55,86.43,70.78
22.98,75.7,42.58
10.55,76.62,69.2
19.62,75.02,50.99
27.23,95.93,81.24
9.0,76.93,73.66
25.27,72.23,36.12
9.43,76.35,79.95
24.02,78.78,41.39
24.64,79.08,40.61
23.78,84.35,53.97
13.11,79.94,67.37
24.53,79.05,40.76
15.23,77.73,49.26
22.22,70.75,61.04
14.47,78.45,48.9
26.83,92.75,81.5
24.87,87.1,64.04
21.65,74.7,49.36
22.55,86.45,65.63
33.58,75.08,38.42
33.65,75.38,42.88
25.17,85.07,56.15
16.2,77.35,44.7
21.88,83.38,50.84
21.23,81.65,46.35
23.32,77.83,40.95
24.0,76.72,39.36
22.3,70.78,60.81
21.1,81.03,45.44
18.77,79.43,42.39
23.32,85.32,59.28
23.32,75.05,43.02
16.98,73.33,83.13
26.98,84.85,54.33
16.55,79.55,55.7
24.53,81.3,44.3
28.83,76.58,34.35
29.85,77.88,39.35
23.52,91.48,82.58
23.15,87.32,68.32
19.85,84.48,67.23
22.37,87.78,75.67
17.68,78.97,47.68
20.6,85.07,65.2
18.98,75.5,49.82
20.4,76.15,45.5
21.43,76.7,41.48
27.0,79.88,42.16
9.67,78.85,72.87
28.07,94.13,76.77
26.7,79.85,41.92
33.8,74.27,38.5
21.93,75.13,45.99
21.62,75.98,43.24
20.32,77.02,43.27
30.32,80.28,70.14
19.22,83.67,62.44
15.95,75.3,60.84
21.62,83.72,52.26
24.57,87.25,64.47
27.17,84.32,52.19
22.0,88.21,79.29
26.33,86.15,59.99
26.83,79.24,40.27
17.88,78.02,45.37
9.38,76.82,72.8
24.68,84.52,54.27
23.62,87.13,65.82
26.65,90.4,74.97
20.58,84.37,60.06
12.93,79.33,58.72
23.6,71.57,49.84
34.06,74.6,36.96
18.82,84.53,74.3
14.42,75.5,69.84
28.77,74.58,30.19
26.05,87.7,65.59
22.35,73.35,60.34
28.98,75.68,32.7
25.37,75.64,36.49
13.11,80.12,70.59
27.18,82.28,46.07
14.62,75.62,67.09
29.77,73.75,30.18
30.42,77.94,37.23
18.79,72.93,79.37
25.32,90.43,75.88
30.47,79.68,69.14
12.97,78.28,58.78
26.34,78.95,39.54
21.78,85.13,62.17
29.72,77.27,37.47
25.05,74.47,36.66
27.78,79.45,41.5
22.77,88.77,74.55
26.42,92.73,82.75
21.62,87.02,75.88
27.03,95.28,81.49
16.4,74.0,78.52
30.73,76.06,37.46
27.61,79.58,41.73
24.0,76.72,39.34
25.02,72.53,36.64
21.72,78.83,43.52
30.71,76.01,37.23
29.95,77.19,37.82
28.23,75.29,31.23
21.73,69.49,74.43
28.35,73.96,29.35
10.97,79.82,73.33
24.09,78.02,39.96
25.23,87.07,63.9
23.85,78.75,42.22
21.75,88.05,79.16
11.65,78.17,50.26
21.47,83.97,53.42
20.85,88.25,79.69
16.85,74.6,64.68
17.7,74.02,70.88
24.57,80.83,43.51
25.98,76.37,35.94
22.08,79.55,46.33
27.88,79.9,43.07
23.43,76.32,40.57
25.67,76.68,36.77
25.57,91.88,81.75
31.1,77.17,52.42
13.93,75.63,70.88
14.07,74.53,83.38
25.33,77.65,38.38
24.42,81.87,45.68
27.62,75.13,31.34
24.82,92.8,83.4
24.92,92.98,83.68
18.85,79.97,43.06
17.67,75.9,48.16
23.65,87.7,68.1
29.92,73.88,30.6
34.08,74.83,37.08
26.25,82.0,45.53
31.53,76.9,36.98
26.13,86.58,61.75
21.2,72.83,71.49
23.88,87.53,66.8
22.85,88.57,73.69
23.87,73.57,43.76
20.32,83.93,62.19
30.53,76.91,38.38
24.95,94.03,85.71
26.55,85.87,58.81
27.63,77.48,36.2
22.29,88.14,78.28
27.8,78.85,39.42
25.25,87.65,65.94
27.77,95.6,81.43
25.3,84.08,52.6
22.37,92.83,85.94
21.62,72.9,69.96
33.83,74.11,36.68
25.97,75.74,35.29
18.28,76.88,45.1
27.62,91.72,83.41
33.7,74.09,35.64
21.78,80.83,47.44
32.99,75.0,37.41
25.85,85.78,59.02
23.02,68.98,68.2
20.95,79.97,43.18
30.19,77.0,37.85
17.43,75.2,54.75
21.03,76.67,41.52
22.96,88.09,72.65
15.17,78.3,48.8
21.95,79.3,46.0
22.3,71.2,56.01
34.04,74.8,36.95
21.58,83.82,52.7
20.05,85.08,68.34
28.5,79.1,41.2
22.37,70.62,63.32
26.0,72.48,33.05
33.29,74.12,34.39
23.63,84.37,54.83
32.87,74.68,43.34
25.27,85.8,59.25
27.0,79.18,40.11
9.85,78.75,69.22
25.18,80.3,42.91
24.52,84.98,55.89
20.4,76.22,45.14
30.67,76.77,38.64
24.89,78.35,39.39
24.77,78.37,39.68
28.02,75.64,31.67
24.58,80.83,43.5
13.43,79.98,67.56
9.37,77.93,65.71
21.65,78.78,43.5
9.18,78.45,75.17
23.08,87.82,71.09
11.43,78.37,61.72
23.4,79.67,44.82
24.65,72.6,38.6
24.85,72.23,37.35
25.4,85.98,60.01
20.12,76.47,44.73
19.8,76.87,43.68
27.33,88.63,68.87
26.65,91.92,80.12
10.78,79.13,63.33
26.62,92.78,82.52
22.07,75.4,44.4
8.48,76.95,80.59
8.47,76.95,78.92
24.77,78.83,40.18
13.67,79.38,73.59
10.77,78.72,59.06
13.67,79.58,62.58
12.48,78.57,56.18
13.15,79.53,60.42
20.3,83.3,54.18
9.73,79.03,75.51
26.17,75.75,34.97
13.33,77.08,55.29
8.8,78.15,76.82
8.75,78.18,76.99
24.58,73.7,38.67
24.62,73.88,38.41
23.18,75.78,41.81
22.5,87.95,75.87
23.53,80.88,45.11
31.47,76.27,39.67
11.4,76.73,86.61
22.57,72.93,62.68
25.3,83.02,48.97
25.45,82.87,48.38
10.37,79.85,73.75
12.92,79.15,56.84
15.87,73.63,83.72
20.9,70.37,76.83
23.53,77.82,40.68
17.68,83.3,74.58
17.72,83.23,72.62
18.05,79.37,45.42
20.67,78.58,42.76
20.4,78.15,44.33
