Latitude,Longitude,PTrain_DT2
24.6,72.72,36.78
10.33,79.38,31.24
23.88,91.25,30.67
10.85,72.47,29.01
27.17,78.03,39.82
13.5,75.1,29.46
23.07,72.63,35.93
19.08,74.8,37.04
26.45,74.62,40.33
20.7,77.03,41.65
20.7,77.07,41.59
9.55,76.42,30.7
18.63,72.87,31.46
27.88,78.07,39.37
22.28,74.4,38.03
25.45,81.73,39.41
27.5,76.58,39.92
30.38,76.77,37.94
23.17,83.25,38.43
11.12,72.73,29.19
20.93,77.78,41.46
21.6,71.22,35.2
31.63,74.87,37.47
14.68,77.62,38.12
20.83,85.1,36.04
11.17,79.0,34.19
13.53,78.5,34.31
19.88,75.33,39.05
19.85,75.4,39.13
22.3,86.93,33.48
12.99,80.2,32.11
10.35,79.4,31.31
30.08,78.72,30.03
18.18,72.99,31.39
22.03,73.67,35.88
12.88,80.15,32.17
17.05,75.78,38.11
24.07,78.06,40.96
16.57,76.47,38.88
24.95,71.53,39.54
27.14,79.28,39.46
23.6,72.95,37.85
22.38,93.15,27.66
16.67,74.9,35.66
24.53,78.72,40.67
26.85,79.08,39.71
29.96,78.61,34.03
11.47,77.88,35.81
24.77,84.18,37.96
26.35,75.03,40.52
21.17,73.18,33.93
8.87,77.5,30.95
12.89,80.11,32.31
17.83,80.48,38.69
17.1,76.22,39.3
17.17,74.53,34.86
10.02,78.78,32.2
28.75,79.72,37.98
25.03,86.9,35.2
26.35,74.12,40.72
28.27,72.85,40.42
21.38,71.05,34.64
18.73,76.38,39.44
20.13,73.03,33.21
22.41,88.3,31.01
26.67,90.6,31.08
16.07,75.95,37.18
25.97,93.5,29.41
14.47,79.72,33.82
21.98,72.9,33.15
23.65,91.62,30.15
24.53,87.57,34.64
27.54,79.6,39.04
18.42,83.9,33.1
29.93,78.53,33.44
16.15,76.38,38.11
25.62,94.53,26.6
23.4,85.52,36.25
8.67,76.77,30.18
12.02,76.3,30.39
25.09,78.86,40.56
26.06,78.21,40.33
29.19,73.21,39.92
25.05,78.86,40.58
13.53,80.07,32.79
28.47,95.52,22.82
15.68,78.97,36.33
17.75,74.05,33.68
9.87,76.35,30.72
24.23,87.28,34.85
24.48,76.33,40.97
28.57,74.51,39.92
23.05,72.97,36.04
24.57,78.88,40.68
17.23,76.48,39.74
11.08,76.58,29.75
12.05,78.78,34.02
19.88,75.33,39.11
27.24,79.89,39.12
9.97,76.25,30.28
33.12,75.32,30.57
16.7,75.25,36.8
22.98,88.37,32.43
22.63,77.98,41.46
27.57,81.6,38.14
18.58,81.23,34.88
21.52,86.93,31.42
13.37,75.45,29.72
25.75,84.17,37.38
25.22,88.78,33.64
25.47,80.37,40.02
12.97,77.58,33.56
12.95,77.63,33.71
33.5,75.17,30.48
23.23,87.07,34.36
23.55,74.45,39.33
15.9,80.47,32.62
18.15,74.58,36.38
28.37,79.4,38.49
21.93,86.77,32.8
25.75,71.38,40.46
22.3,73.25,34.1
22.33,73.27,34.22
33.12,75.32,31.12
19.0,75.72,39.36
15.85,74.53,31.92
15.85,74.62,32.3
15.15,76.85,37.84
24.13,88.27,33.92
21.87,77.93,40.34
25.23,86.95,35.08
27.22,77.5,39.91
30.17,74.58,38.95
21.75,72.18,32.47
19.92,83.18,37.91
25.35,74.63,40.53
18.45,73.4,33.14
23.28,77.35,40.78
20.25,85.83,33.4
23.25,69.67,33.96
31.83,77.17,34.09
17.92,77.53,39.15
16.82,75.72,37.54
28.0,73.3,40.5
31.25,76.67,36.71
20.7,83.5,38.36
20.6,79.85,41.51
20.53,76.23,39.9
20.62,72.93,32.22
20.22,75.42,38.98
21.9,84.03,38.75
27.13,94.12,28.21
25.82,86.27,35.38
27.05,79.85,39.28
27.78,74.57,40.2
13.68,77.07,35.11
28.48,76.18,39.52
22.92,69.17,31.99
27.52,76.77,39.89
23.22,88.88,32.82
16.9,74.37,34.2
24.08,85.87,36.46
30.0,78.59,33.37
23.73,86.32,35.91
27.0,79.65,39.4
23.32,88.65,33.02
23.95,92.08,30.44
25.58,86.27,35.52
27.58,81.6,38.14
30.37,77.87,37.1
22.23,85.32,36.42
24.87,86.45,35.73
33.22,74.09,35.39
26.3,84.78,36.45
22.87,88.27,32.19
24.78,79.02,40.64
26.22,84.38,36.87
25.11,75.63,40.62
22.97,75.2,39.48
27.9,79.0,39.04
19.3,75.47,39.26
17.31,78.48,38.59
22.33,88.3,30.8
26.25,89.6,32.19
30.67,76.97,37.46
34.03,74.94,30.62
26.97,77.08,40.09
29.89,78.61,35.78
25.42,86.32,35.56
15.25,79.47,34.54
33.66,74.01,35.0
27.82,93.9,28.1
19.73,85.22,32.7
34.05,74.75,30.66
26.13,75.87,40.63
26.33,73.15,40.92
23.98,85.78,36.46
19.48,83.98,35.23
28.46,75.64,39.66
25.62,85.15,36.55
22.63,88.3,31.61
23.8,86.35,35.88
23.28,85.82,36.39
21.49,70.07,32.72
30.04,76.53,38.35
22.65,79.15,40.24
26.72,88.32,33.24
20.67,86.12,33.74
22.73,88.66,31.97
25.77,87.1,34.68
21.7,87.07,31.53
26.72,79.9,39.48
25.5,87.37,34.59
24.2,78.22,40.88
23.1,80.05,40.61
24.3,85.42,36.84
27.48,82.78,37.45
25.22,84.42,37.5
23.05,75.37,39.79
26.32,91.0,30.9
26.32,82.33,38.48
23.83,84.12,38.25
23.73,87.02,34.87
22.35,87.37,32.72
29.73,76.75,38.51
26.13,87.47,34.19
23.6,87.53,34.05
16.07,75.37,35.5
25.1,76.4,40.92
34.25,74.55,30.89
26.65,85.58,35.49
14.48,79.8,33.61
21.77,72.15,33.77
30.61,76.1,38.01
34.38,73.77,32.08
29.07,76.31,39.13
25.18,85.52,36.47
19.57,74.65,37.64
23.3,81.67,39.78
22.37,87.42,32.56
23.17,79.45,40.85
25.15,84.62,37.36
32.62,74.82,36.17
33.21,74.43,34.63
26.43,70.58,40.35
13.0,80.27,31.84
22.22,88.1,30.32
25.05,83.62,38.26
21.32,74.1,37.28
22.01,88.33,30.65
24.77,88.03,34.24
20.48,86.23,33.09
30.52,76.84,37.77
29.89,78.66,33.06
24.67,79.16,40.65
33.68,75.08,30.37
21.93,69.77,33.28
25.58,72.67,40.77
22.87,78.22,41.43
29.82,78.72,35.57
26.25,78.25,40.28
30.56,76.21,38.02
24.4,83.58,38.62
30.27,76.03,38.35
25.65,87.13,34.71
22.95,88.55,32.41
32.94,74.39,36.2
24.07,79.08,40.56
24.18,72.03,39.1
20.45,72.88,32.18
26.8,79.25,39.69
21.67,87.35,31.11
25.7,92.02,29.39
25.28,74.67,40.56
30.19,76.63,38.18
27.14,79.75,39.26
20.62,83.35,38.54
20.9,77.6,41.72
24.27,73.38,39.15
25.55,84.87,36.86
26.05,77.37,40.52
27.07,88.2,31.73
11.68,77.13,30.83
31.28,76.25,37.03
26.7,88.48,33.12
20.43,85.98,33.73
22.13,84.8,37.57
22.68,84.55,37.67
24.63,93.77,29.17
26.05,86.98,34.65
34.4,74.32,30.88
19.02,72.85,31.67
27.25,92.4,21.66
14.6,76.68,36.44
17.89,78.46,39.52
34.01,74.64,29.63
26.82,94.83,28.22
27.87,96.37,26.86
32.65,74.82,36.13
24.1,92.6,30.51
34.48,74.24,29.63
17.33,78.41,38.73
23.35,92.83,29.83
27.35,73.1,40.72
30.19,76.51,38.23
22.36,88.12,30.77
34.53,76.2,21.49
34.38,74.99,25.39
24.02,87.15,34.89
34.28,74.44,30.91
33.6,75.02,29.33
28.26,75.37,39.82
22.25,85.8,35.24
26.52,71.81,40.85
26.77,92.6,29.43
25.5,83.85,37.79
13.62,76.42,33.94
22.25,88.67,30.63
9.17,92.83,29.3
22.55,85.82,35.84
24.92,75.58,40.75
22.03,82.7,39.94
20.78,86.73,31.74
19.97,79.3,41.69
26.2,92.52,29.8
25.78,84.73,36.84
13.0,80.18,32.16
13.07,80.25,31.94
25.25,91.73,27.78
22.1,79.0,39.77
13.25,75.75,29.7
14.23,76.43,34.47
24.88,74.63,40.43
24.65,83.1,38.73
28.25,74.92,39.93
11.0,76.97,32.3
11.03,77.05,32.66
21.78,87.75,30.89
26.33,89.47,32.27
11.77,79.77,31.59
14.48,78.83,36.71
20.47,85.93,33.96
20.22,73.05,33.28
22.52,88.78,31.37
25.68,85.35,36.32
26.84,79.53,39.56
11.15,75.82,30.47
17.31,78.87,38.86
26.92,79.21,39.63
30.4,74.9,38.66
29.66,77.45,38.29
22.97,86.05,35.82
22.15,70.58,34.54
29.39,76.99,38.69
24.04,79.1,40.52
30.73,76.79,37.57
28.43,75.51,39.71
27.72,96.23,27.57
26.57,94.7,28.24
24.05,86.9,35.21
25.88,87.13,34.6
28.16,75.46,39.81
25.68,93.23,29.77
21.43,71.22,34.52
25.3,93.72,26.86
28.68,73.12,40.19
24.88,78.97,40.67
11.83,76.07,29.0
27.22,93.12,27.61
28.78,96.27,22.03
22.22,78.43,39.66
25.68,94.3,25.46
24.47,86.25,35.91
29.98,77.1,38.16
24.79,79.08,40.62
24.52,84.95,37.39
20.68,86.85,31.5
28.75,73.99,39.99
25.07,75.5,40.54
26.22,87.02,34.5
28.67,96.15,24.19
11.4,79.7,31.75
17.6,78.75,38.92
21.52,73.65,35.59
16.45,74.33,33.47
25.17,82.53,39.03
15.58,79.88,33.65
26.63,94.92,28.04
19.07,79.07,41.54
22.12,77.5,40.83
24.05,86.15,36.08
23.18,76.97,40.88
27.93,79.28,38.9
17.56,78.22,39.32
10.97,77.28,33.69
17.29,78.03,38.52
27.12,79.41,39.42
10.7,76.75,32.83
17.23,79.13,38.63
23.67,76.23,40.8
24.45,85.17,37.21
18.72,72.9,31.63
12.5,76.3,31.18
26.5,75.67,40.52
21.1,85.33,36.33
21.7,79.68,41.03
22.12,76.9,41.56
30.69,76.09,37.94
26.72,94.23,28.47
25.27,87.22,34.79
13.63,74.7,30.63
20.5,85.83,34.26
19.97,72.72,31.85
32.53,75.97,29.45
24.05,84.07,38.35
23.83,79.45,40.69
26.17,85.9,35.51
27.05,88.27,24.77
25.67,78.47,40.49
24.2,72.2,39.13
30.32,78.03,36.72
24.92,84.18,37.88
16.38,73.35,30.85
23.78,86.43,35.73
22.6,75.3,39.32
12.13,78.03,35.28
32.27,76.38,33.48
26.67,77.83,40.14
26.02,89.98,31.98
26.15,89.92,31.97
22.18,88.2,30.27
27.48,95.02,27.74
21.83,87.78,30.88
20.72,70.92,31.62
22.83,74.27,38.02
17.72,83.3,32.1
24.27,87.25,34.9
23.83,73.67,38.94
21.18,81.28,40.8
23.48,87.32,34.2
22.37,69.08,31.65
26.12,92.87,29.61
29.9,78.55,35.37
32.86,74.9,35.72
17.91,78.01,39.85
24.48,71.73,39.1
30.27,80.52,19.29
32.58,74.93,36.18
26.91,79.6,39.48
26.1,90.78,31.23
24.93,92.77,30.29
24.03,84.07,38.37
20.42,72.85,32.08
26.31,79.3,39.97
30.22,74.17,39.05
34.17,74.9,30.22
32.65,74.9,36.09
24.73,79.21,40.61
26.63,92.8,29.27
34.33,74.38,30.9
24.02,85.55,36.37
28.45,72.5,40.39
25.33,88.32,33.95
30.75,76.15,37.86
27.9,96.3,27.52
28.02,96.23,26.83
25.75,75.38,40.7
18.25,77.1,39.73
25.74,79.16,40.33
23.13,78.68,41.21
27.98,79.42,38.8
26.17,85.0,36.33
29.73,78.47,37.7
23.43,73.75,38.11
20.03,75.03,38.87
33.13,75.98,27.51
29.86,78.64,34.45
26.92,71.37,40.74
30.66,76.83,37.63
24.6,92.83,30.38
33.27,74.55,34.4
17.65,77.47,39.32
30.58,76.82,37.72
25.98,87.13,34.54
24.42,85.98,36.24
28.93,76.17,39.26
33.53,74.22,32.08
29.93,78.74,36.34
24.37,92.17,30.56
26.7,77.9,40.11
29.91,78.7,35.87
25.6,75.61,40.8
21.48,85.82,34.19
33.58,74.09,32.92
26.47,92.47,29.63
19.3,75.67,39.72
22.98,71.47,36.4
22.57,70.42,32.87
23.57,76.78,40.88
32.74,74.81,36.0
24.15,78.23,40.88
28.39,75.63,39.69
28.35,75.64,39.71
16.22,73.83,32.63
27.13,94.77,27.96
26.17,93.57,28.51
17.94,78.68,39.25
20.17,84.85,34.78
27.1,79.95,39.19
26.35,89.9,31.89
27.27,93.07,27.83
32.56,74.92,36.21
24.53,84.92,37.41
12.17,76.6,31.52
15.68,74.97,33.57
34.27,74.47,30.92
34.45,74.41,30.02
34.39,73.79,32.38
21.07,83.2,39.12
18.02,78.9,39.36
34.37,73.98,21.0
23.75,86.17,36.23
16.05,73.92,32.34
23.42,91.67,29.77
29.08,74.68,39.61
28.87,75.45,39.51
25.32,86.02,35.9
25.55,84.15,37.52
23.98,86.02,36.31
22.97,74.12,37.91
24.76,79.05,40.63
23.13,84.85,36.92
20.0,76.3,40.5
27.5,95.75,27.61
16.73,76.92,39.72
21.7,74.03,35.37
26.28,79.29,39.99
25.93,90.77,31.37
27.79,79.31,38.99
29.28,78.12,38.33
25.97,85.12,36.35
28.19,74.69,40.01
26.13,89.47,32.4
10.03,76.3,30.46
11.22,76.15,31.67
13.07,80.26,31.85
17.58,78.54,38.64
13.25,80.33,31.86
13.13,80.25,32.02
8.18,77.63,30.33
26.75,82.08,38.4
25.93,80.83,39.6
30.92,74.67,38.29
26.3,87.27,34.26
22.37,88.78,30.94
16.28,78.68,36.39
30.72,76.77,37.59
26.35,79.23,39.97
25.77,75.63,40.72
24.18,92.02,30.53
11.18,75.85,30.46
17.84,78.12,39.7
15.42,75.63,34.85
27.33,88.62,26.29
16.53,80.8,34.78
24.75,84.95,37.3
25.4,83.55,38.1
22.77,83.97,37.97
27.13,81.97,38.23
21.47,80.2,41.17
19.27,84.88,32.08
26.75,83.37,37.43
17.35,76.85,39.83
34.05,74.4,25.08
24.65,77.32,40.6
28.42,77.0,39.33
26.1,91.58,30.58
26.23,78.25,40.27
15.42,75.62,34.79
27.23,79.28,39.4
33.89,74.29,28.71
24.05,76.45,40.91
25.58,76.3,40.83
15.73,75.98,36.23
16.27,76.83,39.03
23.52,74.0,38.65
20.1,84.57,35.28
9.92,77.53,32.73
34.16,74.57,30.95
30.65,78.85,26.95
27.85,78.47,39.27
14.55,78.73,36.95
29.9,78.68,34.05
26.01,79.38,40.11
32.79,74.77,35.94
29.97,78.53,35.55
26.7,94.12,28.52
17.61,78.47,38.8
27.72,79.65,38.88
22.77,87.8,32.22
23.28,84.55,37.18
20.88,73.72,35.61
28.3,75.71,39.71
22.9,88.16,32.25
20.13,78.32,41.6
29.85,77.05,38.3
25.22,87.17,34.87
23.95,87.1,34.92
22.7,70.65,33.66
27.22,73.47,40.66
30.72,75.98,37.96
32.98,74.41,36.11
28.36,74.9,39.89
27.7,79.57,38.94
20.67,79.13,41.59
22.25,88.5,30.86
33.26,74.14,34.35
27.32,84.32,36.26
23.27,87.97,33.12
31.52,76.02,37.06
27.98,72.25,40.61
24.9,72.83,40.24
20.72,70.99,31.57
34.08,74.57,30.61
14.97,78.25,37.77
34.1,74.58,30.75
21.92,85.37,35.51
22.02,69.92,33.68
22.26,88.97,30.54
22.86,88.04,32.21
16.75,77.3,39.55
25.73,75.54,40.72
19.92,77.05,40.86
25.93,85.33,36.18
18.17,73.3,32.43
21.33,69.9,31.49
16.72,75.43,36.77
17.21,78.9,38.79
14.83,76.63,36.33
25.96,75.59,40.7
12.84,80.06,32.44
25.6,85.2,36.52
18.98,84.02,33.67
20.37,83.37,38.22
17.63,80.93,38.01
22.55,72.22,33.67
20.28,84.7,35.33
14.98,74.92,32.3
15.17,77.38,38.21
16.28,76.62,38.75
24.67,84.77,37.49
30.64,76.81,37.66
30.1,79.97,27.35
28.07,94.57,26.86
24.67,75.6,40.54
18.02,79.57,39.81
27.38,80.17,38.87
17.82,73.1,31.29
13.0,76.15,30.95
28.08,96.5,24.86
23.98,85.37,36.35
29.17,75.73,39.25
14.28,74.45,30.69
22.77,77.77,41.52
10.58,92.55,29.58
17.45,78.47,38.76
9.5,76.63,31.19
15.8,76.98,39.26
15.02,75.95,35.56
30.03,77.89,35.51
28.18,75.39,39.83
34.28,74.2,27.83
13.0,75.7,29.59
33.39,74.23,32.78
27.65,79.95,38.78
15.43,75.8,35.38
26.86,79.06,39.71
31.03,78.73,24.12
22.57,75.82,39.94
34.53,75.13,23.06
24.6,87.08,35.14
17.55,75.9,39.14
22.62,86.13,35.33
23.67,84.95,37.14
26.39,79.48,39.86
26.53,75.87,40.44
13.95,76.62,35.13
29.93,78.52,35.55
26.0,92.87,29.69
14.03,75.68,32.97
13.54,77.3,35.28
27.57,93.85,24.36
12.82,77.03,33.72
13.23,77.12,34.0
16.47,76.53,39.0
34.3,74.25,29.54
28.78,95.88,25.48
24.53,84.02,38.22
30.17,76.54,38.23
27.68,76.45,39.72
25.05,84.63,37.41
27.6,78.05,39.55
26.27,91.37,30.6
23.83,73.03,38.5
24.77,93.9,29.06
22.72,75.8,39.98
17.69,78.87,39.02
27.16,79.27,39.45
29.84,78.75,31.59
24.68,74.13,40.04
27.68,74.07,40.37
11.57,75.6,30.47
11.77,79.38,32.98
27.24,79.44,39.33
34.65,76.02,19.51
30.1,77.75,37.75
20.13,85.15,34.15
24.28,85.17,37.02
27.33,82.7,37.6
23.2,79.95,40.63
19.08,82.03,37.54
26.82,75.8,40.23
26.9,70.92,40.63
21.05,75.57,40.58
25.35,72.62,40.65
26.53,88.72,32.93
32.67,74.83,36.07
22.82,86.18,35.5
22.82,86.18,35.5
22.88,84.13,37.03
25.08,73.08,40.43
18.2,75.2,38.06
24.53,76.17,40.93
25.45,78.58,40.55
21.92,84.08,38.69
26.3,73.02,40.93
30.55,79.57,29.99
33.19,74.15,35.35
14.53,76.35,35.12
22.23,85.65,35.52
25.48,84.42,37.34
25.05,84.08,37.88
26.2,73.94,40.76
28.88,74.07,39.9
26.72,89.88,31.76
21.73,75.15,39.58
22.47,70.07,32.24
26.1,92.73,29.69
26.38,79.19,39.96
24.92,86.22,35.91
17.61,78.88,38.92
25.55,82.32,38.96
23.63,75.13,39.91
28.05,94.18,27.9
30.64,76.05,38.01
30.8,75.82,37.95
29.28,77.42,38.61
33.98,74.27,24.94
28.06,75.28,39.9
25.1,78.8,40.57
33.78,74.07,33.93
26.21,73.07,40.93
33.34,74.21,34.06
32.6,74.87,36.18
24.43,85.52,36.71
23.1,74.15,38.18
22.17,86.63,33.65
30.03,77.83,37.78
17.74,78.47,38.96
28.33,75.68,39.71
16.33,74.78,34.37
16.43,74.68,34.46
25.38,74.3,40.39
29.8,78.65,35.77
22.52,85.63,35.62
26.13,87.62,34.07
20.78,85.72,35.19
20.82,75.97,40.87
21.85,87.92,30.61
10.95,78.08,35.06
24.32,92.0,30.61
16.95,82.23,32.48
27.07,88.47,30.02
18.33,84.13,32.17
11.73,78.97,34.1
32.4,78.25,24.75
20.27,81.48,40.02
22.67,76.73,41.22
11.83,75.33,30.35
26.43,80.37,39.46
8.08,77.5,29.92
31.33,75.33,37.61
10.92,79.83,31.43
10.07,78.8,32.05
29.7,77.03,38.43
14.78,74.13,30.78
33.0,74.9,33.44
21.62,85.58,35.16
21.32,70.32,33.02
24.98,79.92,40.38
17.25,80.15,38.08
21.83,76.37,41.19
21.82,75.62,40.52
27.9,80.8,38.22
22.08,82.15,39.93
9.95,76.27,30.29
10.23,77.47,23.53
12.95,78.3,33.05
16.7,74.23,33.29
22.53,88.33,31.37
22.65,88.45,31.73
7.22,93.73,28.6
10.75,79.35,33.05
25.15,75.85,40.87
25.18,75.9,40.88
17.55,80.63,37.97
9.53,76.6,31.08
11.25,75.78,30.49
23.4,88.52,33.14
10.4,78.67,32.9
33.58,75.5,32.93
34.42,74.3,30.55
15.83,78.07,38.48
26.85,79.5,39.56
25.22,82.72,38.87
13.24,76.86,34.03
19.28,74.37,35.98
17.87,78.76,39.14
17.22,78.03,38.52
13.55,76.01,32.48
22.5,73.75,36.25
21.53,73.43,34.77
32.68,74.76,36.11
31.91,75.45,36.86
29.92,77.07,38.23
13.02,80.12,32.42
27.57,79.35,39.13
27.51,79.51,39.11
30.02,79.07,31.84
13.35,77.98,33.95
34.3,73.95,26.45
34.12,74.81,30.52
28.62,72.97,40.24
22.17,85.62,35.54
27.78,79.32,38.99
21.85,72.13,32.52
17.5,74.75,35.45
26.7,89.45,32.17
28.19,75.7,39.75
20.03,77.83,41.39
25.25,94.47,26.23
26.89,79.65,39.48
17.92,82.97,34.03
22.44,88.1,31.01
11.7,75.53,30.47
30.04,73.95,39.25
9.82,77.15,27.06
21.95,85.32,35.6
21.23,78.9,41.36
22.05,78.3,39.77
26.8,75.64,40.33
19.25,73.15,32.6
19.5,83.32,36.77
33.23,74.39,34.95
32.96,74.41,36.13
24.6,84.82,37.48
29.79,78.71,36.33
19.9,86.12,31.7
29.87,78.72,33.27
20.27,85.18,34.49
21.42,79.27,40.67
17.07,78.49,37.79
25.4,79.5,40.39
12.85,74.9,30.64
28.93,74.89,39.63
23.1,71.4,36.15
23.43,85.32,36.35
12.42,78.38,34.82
11.83,75.67,30.83
23.48,70.47,34.63
22.42,71.87,34.35
25.13,75.58,40.63
24.54,75.71,40.66
25.7,81.35,39.48
17.28,76.22,39.32
21.78,85.97,34.45
21.32,77.61,41.44
10.92,76.43,32.36
10.47,79.73,31.87
20.23,83.28,38.14
18.15,73.0,31.34
27.05,79.39,39.47
26.65,79.99,39.48
27.23,79.25,39.41
23.1,74.87,39.36
28.37,76.9,39.38
29.82,78.53,35.22
19.72,76.27,40.48
33.77,74.35,27.63
30.66,76.84,37.63
26.18,92.73,29.77
23.32,91.32,29.71
25.05,75.0,40.53
26.49,79.19,39.9
9.18,76.55,30.38
10.98,78.23,35.35
34.45,74.29,30.77
24.75,78.25,40.79
24.03,79.2,40.61
17.75,77.9,39.68
27.08,79.82,39.27
15.85,77.27,38.96
22.84,88.42,32.14
24.98,78.27,40.74
23.6,74.62,39.56
23.35,77.07,40.94
16.62,73.9,31.7
23.63,85.0,36.95
22.6,81.47,38.62
18.75,73.55,32.79
26.99,79.64,39.41
24.82,78.76,40.67
33.53,77.5,15.71
24.37,82.95,39.09
25.05,84.05,37.9
25.07,83.95,37.98
16.55,73.62,31.78
29.89,78.66,34.18
24.86,78.86,40.6
29.12,75.52,39.34
25.5,75.85,40.85
23.97,93.22,29.25
23.37,93.12,26.98
29.98,78.62,35.64
24.97,85.1,37.05
22.53,88.32,31.35
26.52,85.97,35.22
26.25,76.33,40.57
28.04,75.65,39.75
25.65,94.03,23.59
33.23,74.63,30.49
20.18,85.62,33.45
28.12,74.76,40.01
25.35,75.53,40.83
18.12,73.0,31.26
21.18,71.65,32.74
25.53,86.55,35.29
26.82,70.7,40.55
21.51,77.52,38.65
22.52,79.03,39.95
21.43,78.97,41.35
13.18,80.04,32.95
27.69,79.67,38.9
17.97,78.72,39.4
16.97,78.35,38.1
34.29,74.23,29.1
34.17,74.27,28.16
15.2,76.22,36.72
19.83,83.73,36.42
12.46,80.1,31.73
24.53,75.65,40.66
16.75,77.78,38.99
10.08,78.75,32.33
13.93,78.27,35.72
27.69,79.65,38.91
16.1,78.3,38.21
16.03,79.95,34.44
28.23,95.0,27.59
11.15,75.97,30.74
26.75,94.83,27.9
29.54,77.49,38.38
9.23,76.87,31.27
33.5,74.83,19.04
21.43,74.43,38.21
12.71,76.95,33.83
8.77,78.1,30.62
11.73,75.88,26.88
24.38,84.53,37.81
25.85,85.6,35.98
30.4,77.95,36.57
12.48,76.87,33.01
8.37,77.0,30.15
34.1,74.65,30.71
17.67,82.23,34.22
34.11,74.52,30.48
18.93,77.48,40.95
9.8,76.8,27.89
17.83,73.92,33.13
23.72,85.5,36.67
23.8,81.35,39.88
12.92,74.82,30.53
26.62,89.83,31.87
24.65,79.15,40.66
29.98,78.7,36.27
24.22,84.67,37.59
23.97,87.17,34.84
17.97,78.86,39.33
27.83,79.47,38.89
16.13,76.58,38.29
9.75,76.57,31.3
11.98,75.95,27.81
24.71,79.22,40.61
24.82,85.25,37.0
16.17,76.88,38.92
32.89,74.74,35.8
24.59,79.18,40.67
34.51,76.27,18.96
23.8,80.8,40.21
26.42,87.43,34.05
13.32,77.14,34.16
24.37,87.42,34.77
23.8,86.28,35.98
12.42,92.93,29.38
26.75,80.88,39.06
30.93,75.87,37.8
30.9,75.8,37.86
25.75,93.18,29.75
34.03,74.68,30.22
25.55,76.22,40.84
34.42,74.23,30.66
30.38,77.81,37.23
24.5,87.13,35.08
24.58,78.88,40.68
21.7,84.67,37.64
23.27,92.47,29.08
25.2,93.3,29.17
13.7,75.67,32.21
25.58,93.77,25.78
26.77,84.98,35.95
27.23,94.12,28.16
25.18,86.08,35.91
28.33,73.2,40.34
24.37,87.2,34.98
21.85,87.22,31.91
24.17,88.27,33.94
30.72,76.25,37.84
17.44,78.54,38.87
22.22,70.23,33.49
24.11,78.98,40.02
25.47,92.8,30.09
25.5,93.12,29.94
27.75,95.92,27.51
27.03,79.39,39.49
21.72,71.38,35.46
18.03,75.33,38.11
21.08,83.4,38.91
26.35,75.57,40.58
25.3,93.43,27.57
32.8,79.18,14.0
27.32,95.9,27.74
26.03,90.17,31.79
21.55,71.35,34.82
17.18,78.71,38.16
16.17,76.52,38.37
34.0,74.92,30.48
20.2,83.7,35.88
23.4,69.88,34.32
22.32,87.05,33.41
22.83,85.12,36.98
17.98,76.33,39.04
26.87,79.11,39.69
12.02,77.25,32.17
25.2,94.47,24.56
25.68,92.8,30.05
20.78,77.67,41.52
24.7,79.02,40.6
22.88,69.82,32.12
23.83,87.82,34.0
32.52,74.76,36.35
26.28,94.25,27.78
24.55,92.6,30.45
24.87,86.52,35.66
29.97,77.04,38.2
28.07,75.62,39.78
9.92,78.12,33.4
9.83,78.08,33.14
17.93,73.67,29.65
16.75,78.0,38.55
21.08,71.78,32.03
27.23,79.05,39.48
26.75,92.35,29.59
22.0,80.7,40.03
25.03,88.13,34.16
20.55,74.53,37.89
21.17,81.73,40.51
32.27,77.17,28.8
22.58,80.37,40.53
22.82,69.27,31.81
12.5,76.83,32.89
12.92,74.88,30.38
12.95,74.83,30.52
16.18,81.13,32.66
27.5,77.68,39.71
12.92,92.92,29.37
18.05,78.27,39.91
12.42,75.73,27.39
29.02,77.63,38.73
11.8,77.82,36.22
22.42,87.32,32.93
8.3,73.0,28.64
28.83,78.75,38.43
15.42,73.78,30.62
26.67,84.92,36.08
30.58,78.48,29.77
29.47,79.65,28.04
18.9,72.82,31.54
19.12,72.85,31.75
30.45,78.08,29.58
29.47,77.73,38.34
26.12,85.4,36.0
12.3,76.7,31.74
11.8,76.0,28.54
27.54,79.69,39.0
24.65,84.58,37.66
15.47,79.87,33.46
20.87,84.4,37.23
13.11,80.3,31.8
9.93,78.12,33.42
16.45,77.43,39.6
22.87,87.98,32.27
24.77,77.7,40.48
24.78,78.44,40.59
28.45,76.11,39.55
26.4,89.75,32.04
24.03,78.38,40.75
22.69,88.15,31.73
21.02,73.15,33.63
25.03,87.32,34.83
19.47,82.58,37.04
26.72,92.9,29.17
10.2,76.72,32.03
26.13,85.63,35.77
28.42,73.37,40.32
24.85,83.78,38.25
24.05,78.89,40.54
21.55,74.7,38.76
17.53,78.59,38.71
26.02,79.34,40.12
15.68,75.63,35.75
27.87,79.44,38.87
12.75,79.67,33.8
13.04,80.23,31.97
16.53,75.58,37.16
19.62,74.57,37.47
27.57,79.74,38.95
30.77,79.48,21.5
17.93,78.8,39.07
25.65,75.59,40.83
17.55,73.98,31.86
19.32,74.33,36.1
23.1,80.23,40.47
26.43,92.03,29.96
17.52,75.47,38.26
18.23,73.28,32.44
20.83,78.25,41.66
22.83,85.03,36.98
30.71,76.84,37.56
22.07,88.05,30.55
17.25,78.59,38.39
9.48,76.75,31.71
16.55,74.68,34.9
18.93,74.32,35.8
28.05,72.48,40.56
20.25,74.45,37.3
15.85,75.12,34.61
13.03,80.27,31.88
16.38,75.37,36.37
17.43,75.53,38.3
26.08,86.48,35.06
27.92,94.38,25.0
23.77,81.22,40.1
8.82,77.8,31.62
27.19,79.27,39.43
26.53,72.97,40.93
24.9,79.19,40.55
9.98,76.27,30.31
25.02,84.82,37.26
22.6,86.43,34.81
25.57,91.72,26.41
25.57,92.07,27.71
23.07,71.08,34.99
17.77,73.83,32.62
15.93,76.58,38.3
25.08,84.38,37.61
23.5,73.5,37.98
28.8,74.94,39.69
26.37,85.12,36.08
24.75,94.37,28.06
25.42,74.55,40.51
25.68,94.63,27.3
12.87,78.77,35.37
11.57,75.77,30.87
11.57,76.15,28.09
26.57,94.67,28.19
13.24,79.94,33.4
20.88,75.15,39.74
21.84,69.38,31.46
26.8,92.6,29.42
20.43,86.6,31.76
28.23,77.45,39.33
29.75,77.23,38.31
25.53,92.47,28.32
33.14,74.33,35.74
34.68,77.38,19.27
14.07,79.6,34.21
30.63,76.89,37.63
24.65,92.63,30.42
15.03,76.08,35.81
11.98,77.45,34.27
24.08,73.23,39.03
26.8,76.8,40.25
27.17,92.18,20.89
12.57,78.7,34.11
27.5,96.25,27.66
28.38,95.8,23.72
34.51,74.26,30.53
17.87,78.2,39.49
25.32,83.85,37.9
30.19,76.99,38.02
20.76,70.67,31.49
24.2,93.6,27.96
19.68,77.57,41.1
26.38,93.48,29.16
29.2,76.77,38.9
22.8,69.72,31.94
22.65,88.09,31.64
10.92,79.75,31.83
22.03,74.7,38.92
11.72,76.43,28.92
9.83,76.75,30.8
26.7,89.28,32.33
22.1,85.88,34.91
29.92,77.17,38.19
26.12,92.33,30.1
26.28,75.38,40.58
13.73,75.33,30.95
19.33,74.35,36.31
27.7,76.85,39.77
10.77,79.85,31.29
27.17,73.67,40.64
21.1,79.05,41.42
30.55,77.3,35.85
29.62,78.38,37.9
17.0,79.25,38.23
23.25,68.85,32.64
7.98,93.53,28.74
19.08,77.33,41.14
21.33,74.25,37.71
15.47,78.48,37.55
28.0,76.08,39.75
16.43,81.7,32.72
22.95,79.18,41.03
14.45,79.98,32.92
28.57,77.12,39.2
28.58,77.2,39.18
23.0,70.22,32.21
16.92,81.67,35.02
24.47,74.9,40.14
18.67,78.1,40.82
27.23,94.12,28.17
25.07,79.45,40.51
22.33,88.2,30.71
24.66,78.81,40.68
25.32,85.03,36.86
14.18,77.37,36.76
9.55,78.7,31.64
24.65,79.01,40.45
27.02,94.17,28.24
17.53,77.28,39.93
27.0,79.1,39.61
27.2,73.73,40.62
24.09,78.41,40.76
26.2,79.45,39.98
22.75,72.57,34.61
30.36,77.98,36.92
26.61,79.78,39.6
28.96,76.88,39.03
30.25,78.12,37.0
21.45,73.72,35.94
26.42,91.43,30.47
23.83,76.23,40.88
25.31,75.62,40.86
32.99,74.5,35.84
26.97,95.05,28.01
19.72,74.15,36.04
28.82,75.5,39.52
23.3,69.72,34.11
26.63,91.73,30.1
33.59,74.24,32.1
34.12,74.68,30.65
30.48,77.13,37.67
32.94,74.38,36.17
13.17,79.22,34.97
26.35,79.14,40.0
24.77,85.43,36.8
25.32,73.53,40.54
34.01,74.55,29.53
23.77,77.77,41.02
25.42,83.43,38.19
22.17,75.58,40.55
25.28,71.23,39.9
34.22,74.69,30.43
27.24,79.43,39.33
25.38,84.2,37.58
17.74,78.15,39.55
25.07,85.03,37.06
23.85,86.03,36.33
20.35,74.82,38.67
13.9,79.9,33.16
24.6,79.25,40.65
26.83,94.3,28.35
13.51,77.0,34.37
20.38,75.33,38.85
10.23,78.55,33.01
24.07,78.16,40.88
21.62,74.8,38.92
17.85,77.87,39.68
17.65,74.2,34.03
26.97,79.21,39.59
27.23,79.76,39.19
23.52,73.07,37.68
27.97,93.85,27.73
22.02,87.28,32.34
11.28,76.25,32.17
17.25,80.43,37.54
19.37,84.47,33.62
27.52,75.53,39.81
24.02,78.8,40.57
8.93,76.53,30.15
22.03,71.72,34.22
19.1,78.35,41.15
23.78,86.72,35.34
23.63,86.82,35.07
27.45,92.63,22.77
30.23,76.62,38.15
26.32,79.0,40.06
25.68,91.63,28.13
19.23,82.55,36.87
24.75,93.43,30.19
20.28,85.1,34.57
28.93,95.02,25.16
27.43,92.13,20.42
21.88,87.77,30.98
17.53,78.77,38.87
22.48,69.12,31.63
15.57,80.05,32.97
25.98,79.5,40.09
18.17,76.05,38.74
20.13,73.92,35.72
14.47,76.93,36.82
24.42,82.98,39.11
24.52,73.37,39.52
27.76,79.11,39.09
22.31,69.02,31.86
12.32,79.72,32.67
12.72,79.2,34.64
12.84,79.95,32.9
30.09,73.9,39.23
26.7,92.33,29.63
26.82,91.87,29.96
22.47,78.43,37.89
34.03,75.33,26.24
10.77,76.65,32.76
8.73,77.75,31.63
9.27,78.3,30.71
23.62,86.78,35.16
15.48,73.82,30.7
24.72,80.17,40.15
29.03,79.47,37.86
20.3,86.68,31.3
11.5,79.77,31.49
19.27,76.83,40.83
28.1,95.38,27.48
30.33,76.47,38.12
25.6,85.1,36.62
22.77,81.9,39.25
27.13,72.37,40.85
20.48,84.27,36.01
28.33,75.58,39.71
11.92,79.83,31.54
21.65,69.67,31.75
11.67,92.72,29.15
9.0,76.92,31.12
22.23,76.4,41.27
18.53,73.85,34.12
18.5,73.9,34.14
19.8,85.82,31.7
25.77,87.47,34.38
23.33,86.42,35.69
19.92,77.58,41.45
25.4,72.98,40.69
8.23,77.33,30.46
26.75,79.02,39.8
34.0,74.36,21.67
25.05,84.92,37.16
20.75,75.67,40.53
26.46,79.31,38.23
34.17,74.53,30.63
30.05,74.85,38.95
13.24,80.26,32.08
10.92,79.35,33.34
24.65,92.9,30.34
13.15,80.07,32.75
22.07,80.75,39.96
17.82,74.12,33.54
25.43,91.37,26.91
12.92,79.58,34.17
19.98,84.88,34.24
22.55,88.49,31.56
19.8,78.6,41.71
30.65,79.57,24.58
26.73,91.92,29.89
22.3,76.77,41.57
16.82,74.12,32.36
22.25,84.8,37.61
23.83,73.4,38.6
11.05,75.87,30.52
12.22,78.07,34.83
32.97,74.95,35.0
10.38,76.82,29.9
8.78,76.7,30.19
18.77,84.08,33.56
19.6,76.22,40.5
21.8,86.73,32.64
22.21,88.17,30.3
24.63,73.38,39.45
22.71,88.0,31.85
25.38,86.7,35.23
24.67,79.01,40.5
24.68,79.12,40.64
28.32,76.78,39.45
26.58,90.22,31.43
9.27,76.78,31.49
24.87,78.86,40.61
24.14,78.75,40.56
24.55,79.23,40.67
25.06,78.99,40.6
24.25,78.31,40.87
27.72,79.02,39.16
22.4,88.85,31.03
27.77,79.37,38.98
23.67,85.28,36.94
33.2,74.19,35.28
22.38,85.42,36.35
14.88,79.02,35.91
17.08,82.13,33.16
15.8,79.77,34.41
26.95,79.66,39.43
12.98,79.98,33.01
12.25,75.3,30.9
10.98,76.23,31.61
8.97,76.62,30.16
23.9,92.92,28.62
27.0,79.23,39.57
25.67,94.5,23.8
25.1,93.43,29.32
26.27,92.58,29.68
26.42,79.05,39.99
24.72,75.58,40.52
24.63,85.8,36.48
23.5,68.5,31.85
27.55,73.67,40.51
25.75,93.97,27.54
25.45,86.02,35.83
12.34,76.1,29.79
25.33,84.42,37.43
22.57,87.18,33.44
28.38,74.81,39.91
19.7,84.82,33.54
15.28,79.8,33.42
13.32,80.2,32.51
13.13,80.23,32.11
11.48,79.77,31.5
21.55,86.43,33.07
22.98,75.7,40.04
10.55,76.62,32.1
19.62,75.02,38.63
27.23,95.93,27.78
9.0,76.93,31.02
25.27,72.23,40.43
9.43,76.35,30.26
24.02,78.78,40.61
24.64,79.08,40.69
23.78,84.35,38.03
13.11,79.94,33.22
24.53,79.05,40.65
15.23,77.73,37.44
22.22,70.75,34.88
14.47,78.45,37.5
26.83,92.75,29.29
24.87,87.1,35.06
21.65,74.7,38.79
22.55,86.45,34.7
33.58,75.08,29.85
33.65,75.38,27.16
25.17,85.07,36.97
16.2,77.35,39.16
21.88,83.38,39.37
21.23,81.65,40.61
23.32,77.83,41.03
24.0,76.72,40.98
22.3,70.78,34.87
21.1,81.03,40.81
18.77,79.43,41.13
23.32,85.32,36.18
23.32,75.05,39.56
16.98,73.33,31.05
26.98,84.85,35.96
16.55,79.55,36.92
24.53,81.3,39.94
28.83,76.58,39.2
29.85,77.88,37.93
23.52,91.48,29.97
23.15,87.32,33.78
19.85,84.48,34.39
22.37,87.78,31.36
17.68,78.97,39.22
20.6,85.07,34.96
18.98,75.5,38.77
20.4,76.15,39.98
21.43,76.7,41.48
27.0,79.88,39.3
9.67,78.85,31.35
28.07,94.13,27.18
26.7,79.85,39.51
33.8,74.27,30.18
21.93,75.13,39.77
21.62,75.98,40.71
20.32,77.02,40.94
30.32,80.28,21.21
19.22,83.67,35.69
15.95,75.3,35.43
21.62,83.72,38.94
24.57,87.25,34.97
27.17,84.32,36.32
22.0,88.21,30.34
26.33,86.15,35.19
26.83,79.24,39.67
17.88,78.02,39.78
9.38,76.82,31.11
24.68,84.52,37.71
23.62,87.13,34.62
26.65,90.4,31.25
20.58,84.37,36.51
12.93,79.33,34.8
23.6,71.57,37.27
34.06,74.6,30.45
18.82,84.53,32.18
14.42,75.5,33.01
28.77,74.58,39.8
26.05,87.7,34.06
22.35,73.35,34.58
28.98,75.68,39.38
25.37,75.64,40.85
13.11,80.12,32.56
27.18,82.28,37.99
14.62,75.62,33.55
29.77,73.75,39.49
30.42,77.94,36.4
18.79,72.93,31.59
25.32,90.43,31.89
30.47,79.68,22.61
12.97,78.28,33.36
26.34,78.95,40.06
21.78,85.13,35.31
29.72,77.27,38.32
25.05,74.47,40.36
27.78,79.45,38.93
22.77,88.77,32.0
26.42,92.73,29.48
21.62,87.02,31.35
27.03,95.28,27.76
16.4,74.0,31.73
30.73,76.06,37.92
27.61,79.58,39.0
24.0,76.72,41.0
25.02,72.53,40.37
21.72,78.83,41.23
30.71,76.01,37.96
29.95,77.19,38.15
28.23,75.29,39.84
21.73,69.49,31.5
28.35,73.96,40.18
10.97,79.82,31.54
24.09,78.02,41.01
25.23,87.07,34.96
23.85,78.75,40.33
21.75,88.05,30.43
11.65,78.17,35.33
21.47,83.97,38.57
20.85,88.25,30.55
16.85,74.6,34.94
17.7,74.02,33.42
24.57,80.83,40.08
25.98,76.37,40.65
22.08,79.55,40.05
27.88,79.9,38.63
23.43,76.32,40.75
25.67,76.68,40.77
25.57,91.88,26.59
31.1,77.17,28.57
13.93,75.63,32.59
14.07,74.53,30.72
25.33,77.65,40.35
24.42,81.87,39.73
27.62,75.13,39.95
24.82,92.8,30.33
24.92,92.98,30.29
18.85,79.97,40.96
17.67,75.9,39.02
23.65,87.7,33.94
29.92,73.88,39.36
34.08,74.83,30.44
26.25,82.0,38.76
31.53,76.9,35.46
26.13,86.58,34.93
21.2,72.83,32.49
23.88,87.53,34.35
22.85,88.57,32.23
23.87,73.57,38.83
20.32,83.93,35.42
30.53,76.91,37.72
24.95,94.03,28.87
26.55,85.87,35.29
27.63,77.48,39.69
22.29,88.14,30.56
27.8,78.85,39.17
25.25,87.65,34.44
27.77,95.6,27.52
25.3,84.08,37.73
22.37,92.83,29.89
21.62,72.9,32.61
33.83,74.11,31.12
25.97,75.74,40.69
18.28,76.88,39.92
27.62,91.72,22.62
33.7,74.09,31.89
21.78,80.83,39.87
32.99,75.0,34.42
25.85,85.78,35.81
23.02,68.98,31.98
20.95,79.97,41.48
30.19,77.0,38.02
17.43,75.2,37.36
21.03,76.67,41.54
22.96,88.09,32.42
15.17,78.3,37.92
21.95,79.3,40.19
22.3,71.2,36.23
34.04,74.8,30.65
21.58,83.82,38.81
20.05,85.08,33.97
28.5,79.1,38.53
22.37,70.62,34.09
26.0,72.48,40.85
33.29,74.12,34.19
23.63,84.37,37.56
32.87,74.68,36.11
25.27,85.8,36.14
27.0,79.18,39.58
9.85,78.75,31.95
25.18,80.3,40.2
24.52,84.98,37.36
20.4,76.22,40.13
30.67,76.77,37.65
24.89,78.35,40.72
24.77,78.37,40.63
28.02,75.64,39.74
24.58,80.83,40.08
13.43,79.98,33.27
9.37,77.93,32.33
21.65,78.78,41.25
9.18,78.45,30.88
23.08,87.82,32.89
11.43,78.37,32.46
23.4,79.67,39.98
24.65,72.6,39.93
24.85,72.23,40.2
25.4,85.98,35.87
20.12,76.47,40.31
19.8,76.87,40.76
27.33,88.63,29.15
26.65,91.92,29.95
10.78,79.13,33.17
26.62,92.78,29.33
22.07,75.4,40.28
8.48,76.95,29.83
8.47,76.95,30.2
24.77,78.83,40.62
13.67,79.38,31.25
10.77,78.72,33.85
13.67,79.58,34.38
12.48,78.57,34.68
13.15,79.53,34.6
20.3,83.3,38.19
9.73,79.03,30.93
26.17,75.75,40.64
13.33,77.08,34.17
8.8,78.15,30.57
8.75,78.18,30.53
24.58,73.7,39.53
24.62,73.88,39.79
23.18,75.78,40.27
22.5,87.95,31.29
23.53,80.88,40.07
31.47,76.27,36.98
11.4,76.73,23.86
22.57,72.93,34.0
25.3,83.02,38.59
25.45,82.87,38.61
10.37,79.85,31.32
12.92,79.15,35.09
15.87,73.63,30.89
20.9,70.37,31.43
23.53,77.82,41.01
17.68,83.3,32.19
17.72,83.23,32.59
18.05,79.37,40.02
20.67,78.58,41.56
20.4,78.15,40.95
