Latitude,Longitude,PTrain_WSD
24.6,72.72,4.61
10.33,79.38,9.32
23.88,91.25,3.39
10.85,72.47,8.4
27.17,78.03,2.91
13.5,75.1,6.09
23.07,72.63,6.85
19.08,74.8,4.83
26.45,74.62,3.9
20.7,77.03,4.1
20.7,77.07,4.13
9.55,76.42,9.3
18.63,72.87,7.42
27.88,78.07,2.74
22.28,74.4,5.33
25.45,81.73,2.7
27.5,76.58,3.1
30.38,76.77,2.25
23.17,83.25,3.24
11.12,72.73,8.32
20.93,77.78,4.22
21.6,71.22,6.77
31.63,74.87,2.22
14.68,77.62,5.15
20.83,85.1,4.33
11.17,79.0,7.72
13.53,78.5,5.71
19.88,75.33,4.64
19.85,75.4,4.63
22.3,86.93,4.65
12.99,80.2,8.08
10.35,79.4,9.31
30.08,78.72,2.81
18.18,72.99,7.37
22.03,73.67,6.55
12.88,80.15,8.07
17.05,75.78,4.87
24.07,78.06,3.69
16.57,76.47,4.86
24.95,71.53,5.72
27.14,79.28,2.75
23.6,72.95,6.03
22.38,93.15,2.55
16.67,74.9,5.12
24.53,78.72,3.57
26.85,79.08,2.83
29.96,78.61,2.32
11.47,77.88,6.46
24.77,84.18,2.31
26.35,75.03,3.78
21.17,73.18,7.16
8.87,77.5,9.29
12.89,80.11,7.97
17.83,80.48,4.65
17.1,76.22,4.75
17.17,74.53,5.14
10.02,78.78,8.85
28.75,79.72,2.38
25.03,86.9,2.13
26.35,74.12,3.98
28.27,72.85,3.66
21.38,71.05,6.71
18.73,76.38,4.82
20.13,73.03,7.05
22.41,88.3,5.42
26.67,90.6,1.02
16.07,75.95,5.03
25.97,93.5,0.79
14.47,79.72,6.92
21.98,72.9,7.68
23.65,91.62,3.6
24.53,87.57,2.47
27.54,79.6,2.64
18.42,83.9,6.41
29.93,78.53,2.45
16.15,76.38,4.97
25.62,94.53,2.08
23.4,85.52,2.82
8.67,76.77,9.98
12.02,76.3,6.37
25.09,78.86,3.34
26.06,78.21,3.16
29.19,73.21,3.25
25.05,78.86,3.35
13.53,80.07,7.66
28.47,95.52,2.92
15.68,78.97,5.54
17.75,74.05,5.25
9.87,76.35,9.14
24.23,87.28,2.68
24.48,76.33,3.83
28.57,74.51,3.18
23.05,72.97,6.72
24.57,78.88,3.51
17.23,76.48,4.71
11.08,76.58,6.94
12.05,78.78,6.78
19.88,75.33,4.64
27.24,79.89,2.68
9.97,76.25,9.2
33.12,75.32,1.49
16.7,75.25,5.0
22.98,88.37,4.38
22.63,77.98,3.86
27.57,81.6,2.44
18.58,81.23,4.41
21.52,86.93,5.9
13.37,75.45,5.68
25.75,84.17,2.14
25.22,88.78,1.81
25.47,80.37,2.99
12.97,77.58,6.09
12.95,77.63,6.08
33.5,75.17,1.44
23.23,87.07,3.66
23.55,74.45,5.04
15.9,80.47,7.21
18.15,74.58,5.0
28.37,79.4,2.48
21.93,86.77,5.13
25.75,71.38,5.12
22.3,73.25,7.33
22.33,73.27,7.29
33.12,75.32,1.44
19.0,75.72,4.63
15.85,74.53,5.3
15.85,74.62,5.27
15.15,76.85,5.11
24.13,88.27,2.84
21.87,77.93,4.6
25.23,86.95,2.02
27.22,77.5,2.98
30.17,74.58,2.63
21.75,72.18,7.89
19.92,83.18,4.1
25.35,74.63,4.16
18.45,73.4,6.68
23.28,77.35,4.04
20.25,85.83,5.56
23.25,69.67,7.85
31.83,77.17,1.54
17.92,77.53,5.01
16.82,75.72,4.93
28.0,73.3,3.61
31.25,76.67,1.85
20.7,83.5,3.79
20.6,79.85,3.72
20.53,76.23,4.59
20.62,72.93,7.62
20.22,75.42,4.64
21.9,84.03,3.16
27.13,94.12,0.61
25.82,86.27,1.84
27.05,79.85,2.72
27.78,74.57,3.44
13.68,77.07,5.69
28.48,76.18,2.89
22.92,69.17,8.6
27.52,76.77,3.05
23.22,88.88,3.79
16.9,74.37,5.3
24.08,85.87,2.48
30.0,78.59,2.39
23.73,86.32,2.84
27.0,79.65,2.75
23.32,88.65,3.73
23.95,92.08,2.83
25.58,86.27,1.91
27.58,81.6,2.43
30.37,77.87,2.0
22.23,85.32,3.41
24.87,86.45,2.19
33.22,74.09,1.55
26.3,84.78,1.96
22.87,88.27,4.61
24.78,79.02,3.4
26.22,84.38,2.04
25.11,75.63,3.94
22.97,75.2,4.53
27.9,79.0,2.62
19.3,75.47,4.64
17.31,78.48,4.66
22.33,88.3,5.55
26.25,89.6,1.3
30.67,76.97,2.07
34.03,74.94,1.36
26.97,77.08,3.14
29.89,78.61,2.15
25.42,86.32,1.97
15.25,79.47,6.42
33.66,74.01,1.46
27.82,93.9,0.72
19.73,85.22,6.19
34.05,74.75,1.35
26.13,75.87,3.59
26.33,73.15,4.23
23.98,85.78,2.54
19.48,83.98,4.98
28.46,75.64,3.0
25.62,85.15,2.0
22.63,88.3,5.02
23.8,86.35,2.78
23.28,85.82,2.99
21.49,70.07,7.78
30.04,76.53,2.39
22.65,79.15,4.42
26.72,88.32,1.33
20.67,86.12,5.1
22.73,88.66,4.62
25.77,87.1,1.77
21.7,87.07,5.79
26.72,79.9,2.78
25.5,87.37,1.86
24.2,78.22,3.66
23.1,80.05,3.82
24.3,85.42,2.42
27.48,82.78,2.26
25.22,84.42,2.18
23.05,75.37,4.45
26.32,91.0,1.1
26.32,82.33,2.46
23.83,84.12,2.64
23.73,87.02,3.14
22.35,87.37,4.89
29.73,76.75,2.45
26.13,87.47,1.59
23.6,87.53,3.49
16.07,75.37,5.11
25.1,76.4,3.68
34.25,74.55,1.25
26.65,85.58,1.77
14.48,79.8,7.09
21.77,72.15,7.42
30.61,76.1,2.29
34.38,73.77,1.19
29.07,76.31,2.7
25.18,85.52,2.09
19.57,74.65,4.91
23.3,81.67,3.48
22.37,87.42,4.95
23.17,79.45,3.86
25.15,84.62,2.17
32.62,74.82,2.1
33.21,74.43,1.43
26.43,70.58,5.27
13.0,80.27,8.19
22.22,88.1,5.9
25.05,83.62,2.33
21.32,74.1,5.66
22.01,88.33,5.72
24.77,88.03,2.27
20.48,86.23,5.56
30.52,76.84,2.2
29.89,78.66,2.5
24.67,79.16,3.41
33.68,75.08,1.45
21.93,69.77,7.68
25.58,72.67,4.69
22.87,78.22,3.78
29.82,78.72,2.19
26.25,78.25,3.07
30.56,76.21,2.29
24.4,83.58,2.53
30.27,76.03,2.39
25.65,87.13,1.82
22.95,88.55,4.33
32.94,74.39,2.06
24.07,79.08,3.75
24.18,72.03,5.75
20.45,72.88,7.59
26.8,79.25,2.82
21.67,87.35,5.91
25.7,92.02,1.46
25.28,74.67,4.17
30.19,76.63,2.33
27.14,79.75,2.71
20.62,83.35,3.78
20.9,77.6,4.07
24.27,73.38,4.91
25.55,84.87,2.05
26.05,77.37,3.27
27.07,88.2,1.97
11.68,77.13,6.28
31.28,76.25,1.92
26.7,88.48,1.31
20.43,85.98,5.38
22.13,84.8,3.32
22.68,84.55,3.02
24.63,93.77,1.54
26.05,86.98,1.68
34.4,74.32,1.23
19.02,72.85,7.43
27.25,92.4,3.05
14.6,76.68,5.32
17.89,78.46,4.54
34.01,74.64,1.42
26.82,94.83,0.74
27.87,96.37,1.59
32.65,74.82,2.1
24.1,92.6,2.26
34.48,74.24,1.3
17.33,78.41,4.66
23.35,92.83,2.45
27.35,73.1,3.89
30.19,76.51,2.35
22.36,88.12,5.63
34.53,76.2,3.06
34.38,74.99,2.02
24.02,87.15,2.86
34.28,74.44,1.24
33.6,75.02,1.55
28.26,75.37,3.12
22.25,85.8,3.55
26.52,71.81,4.59
26.77,92.6,0.72
25.5,83.85,2.23
13.62,76.42,5.64
22.25,88.67,5.53
9.17,92.83,11.67
22.55,85.82,3.54
24.92,75.58,3.98
22.03,82.7,3.12
20.78,86.73,6.02
19.97,79.3,3.82
26.2,92.52,0.89
25.78,84.73,2.04
13.0,80.18,8.03
13.07,80.25,8.11
25.25,91.73,1.9
22.1,79.0,4.88
13.25,75.75,5.52
14.23,76.43,5.47
24.88,74.63,4.3
24.65,83.1,2.69
28.25,74.92,3.21
11.0,76.97,7.05
11.03,77.05,6.99
21.78,87.75,5.85
26.33,89.47,1.29
11.77,79.77,8.62
14.48,78.83,5.85
20.47,85.93,5.29
20.22,73.05,7.09
22.52,88.78,4.99
25.68,85.35,1.97
26.84,79.53,2.79
11.15,75.82,8.59
17.31,78.87,4.61
26.92,79.21,2.81
30.4,74.9,2.53
29.66,77.45,2.36
22.97,86.05,3.28
22.15,70.58,7.12
29.39,76.99,2.51
24.04,79.1,3.78
30.73,76.79,2.13
28.43,75.51,3.03
27.72,96.23,1.01
26.57,94.7,0.92
24.05,86.9,2.74
25.88,87.13,1.72
28.16,75.46,3.14
25.68,93.23,0.95
21.43,71.22,6.88
25.3,93.72,1.99
28.68,73.12,3.45
24.88,78.97,3.34
11.83,76.07,6.52
27.22,93.12,1.36
28.78,96.27,3.14
22.22,78.43,4.85
25.68,94.3,2.42
24.47,86.25,2.35
29.98,77.1,2.33
24.79,79.08,3.39
24.52,84.95,2.32
20.68,86.85,6.13
28.75,73.99,3.22
25.07,75.5,4.0
26.22,87.02,1.63
28.67,96.15,2.48
11.4,79.7,8.75
17.6,78.75,4.57
21.52,73.65,6.18
16.45,74.33,5.44
25.17,82.53,2.53
15.58,79.88,6.81
26.63,94.92,1.0
19.07,79.07,3.91
22.12,77.5,4.29
24.05,86.15,2.55
23.18,76.97,4.03
27.93,79.28,2.59
17.56,78.22,4.61
10.97,77.28,6.97
17.29,78.03,4.81
27.12,79.41,2.75
10.7,76.75,7.78
17.23,79.13,4.69
23.67,76.23,4.04
24.45,85.17,2.33
18.72,72.9,7.23
12.5,76.3,6.04
26.5,75.67,3.55
21.1,85.33,4.03
21.7,79.68,4.01
22.12,76.9,3.95
30.69,76.09,2.27
26.72,94.23,0.62
25.27,87.22,2.0
13.63,74.7,7.67
20.5,85.83,5.16
19.97,72.72,7.6
32.53,75.97,1.76
24.05,84.07,2.53
23.83,79.45,3.7
26.17,85.9,1.79
27.05,88.27,3.56
25.67,78.47,3.19
24.2,72.2,5.67
30.32,78.03,1.98
24.92,84.18,2.28
16.38,73.35,7.24
23.78,86.43,2.78
22.6,75.3,4.51
12.13,78.03,6.21
32.27,76.38,1.47
26.67,77.83,3.04
26.02,89.98,1.37
26.15,89.92,1.31
22.18,88.2,5.9
27.48,95.02,0.71
21.83,87.78,5.84
20.72,70.92,7.88
22.83,74.27,5.34
17.72,83.3,6.57
24.27,87.25,2.63
23.83,73.67,5.25
21.18,81.28,3.5
23.48,87.32,3.55
22.37,69.08,8.5
26.12,92.87,0.86
29.9,78.55,2.2
32.86,74.9,1.93
17.91,78.01,4.59
24.48,71.73,5.86
30.27,80.52,4.57
32.58,74.93,2.08
26.91,79.6,2.77
26.1,90.78,1.23
24.93,92.77,1.58
24.03,84.07,2.53
20.42,72.85,7.64
26.31,79.3,2.92
30.22,74.17,2.7
34.17,74.9,1.38
32.65,74.9,2.04
24.73,79.21,3.4
26.63,92.8,0.73
34.33,74.38,1.24
24.02,85.55,2.58
28.45,72.5,3.7
25.33,88.32,1.82
30.75,76.15,2.25
27.9,96.3,1.05
28.02,96.23,1.55
25.75,75.38,3.83
18.25,77.1,4.97
25.74,79.16,3.05
23.13,78.68,3.78
27.98,79.42,2.57
26.17,85.0,1.93
29.73,78.47,2.19
23.43,73.75,5.77
20.03,75.03,4.7
33.13,75.98,1.84
29.86,78.64,2.32
26.92,71.37,4.65
30.66,76.83,2.17
24.6,92.83,1.81
33.27,74.55,1.41
17.65,77.47,4.9
30.58,76.82,2.19
25.98,87.13,1.69
24.42,85.98,2.37
28.93,76.17,2.77
33.53,74.22,1.33
29.93,78.74,2.05
24.37,92.17,2.41
26.7,77.9,3.03
29.91,78.7,2.11
25.6,75.61,3.78
21.48,85.82,3.91
33.58,74.09,1.28
26.47,92.47,0.82
19.3,75.67,4.57
22.98,71.47,6.77
22.57,70.42,8.07
23.57,76.78,3.97
32.74,74.81,2.11
24.15,78.23,3.68
28.39,75.63,3.02
28.35,75.64,3.04
16.22,73.83,6.61
27.13,94.77,0.65
26.17,93.57,1.18
17.94,78.68,4.55
20.17,84.85,4.94
27.1,79.95,2.7
26.35,89.9,1.22
27.27,93.07,1.26
32.56,74.92,2.08
24.53,84.92,2.31
12.17,76.6,6.2
15.68,74.97,5.29
34.27,74.47,1.24
34.45,74.41,1.28
34.39,73.79,1.2
21.07,83.2,3.49
18.02,78.9,4.48
34.37,73.98,2.83
23.75,86.17,2.7
16.05,73.92,6.54
23.42,91.67,3.98
29.08,74.68,2.99
28.87,75.45,2.91
25.32,86.02,2.02
25.55,84.15,2.17
23.98,86.02,2.58
22.97,74.12,5.51
24.76,79.05,3.41
23.13,84.85,2.93
20.0,76.3,4.49
27.5,95.75,0.84
16.73,76.92,4.76
21.7,74.03,4.84
26.28,79.29,2.92
25.93,90.77,1.31
27.79,79.31,2.62
29.28,78.12,2.4
25.97,85.12,1.94
28.19,74.69,3.28
26.13,89.47,1.36
10.03,76.3,9.13
11.22,76.15,8.1
13.07,80.26,8.11
17.58,78.54,4.66
13.25,80.33,8.07
13.13,80.25,8.05
8.18,77.63,10.38
26.75,82.08,2.47
25.93,80.83,2.82
30.92,74.67,2.42
26.3,87.27,1.57
22.37,88.78,5.27
16.28,78.68,4.97
30.72,76.77,2.14
26.35,79.23,2.92
25.77,75.63,3.75
24.18,92.02,2.72
11.18,75.85,8.52
17.84,78.12,4.59
15.42,75.63,5.23
27.33,88.62,3.16
16.53,80.8,6.37
24.75,84.95,2.24
25.4,83.55,2.3
22.77,83.97,3.1
27.13,81.97,2.44
21.47,80.2,3.73
19.27,84.88,6.53
26.75,83.37,2.21
17.35,76.85,4.79
34.05,74.4,2.03
24.65,77.32,3.77
28.42,77.0,2.77
26.1,91.58,1.1
26.23,78.25,3.09
15.42,75.62,5.23
27.23,79.28,2.74
33.89,74.29,1.5
24.05,76.45,3.91
25.58,76.3,3.58
15.73,75.98,5.12
16.27,76.83,4.88
23.52,74.0,5.49
20.1,84.57,5.0
9.92,77.53,7.6
34.16,74.57,1.25
30.65,78.85,2.9
27.85,78.47,2.7
14.55,78.73,5.76
29.9,78.68,2.35
26.01,79.38,2.97
32.79,74.77,2.11
29.97,78.53,2.14
26.7,94.12,0.62
17.61,78.47,4.66
27.72,79.65,2.6
22.77,87.8,4.86
23.28,84.55,2.94
20.88,73.72,5.93
28.3,75.71,3.04
22.9,88.16,4.62
20.13,78.32,4.15
29.85,77.05,2.37
25.22,87.17,2.03
23.95,87.1,2.91
22.7,70.65,7.79
27.22,73.47,3.86
30.72,75.98,2.27
32.98,74.41,1.92
28.36,74.9,3.18
27.7,79.57,2.61
20.67,79.13,3.92
22.25,88.5,5.47
33.26,74.14,1.39
27.32,84.32,1.97
23.27,87.97,4.03
31.52,76.02,2.04
27.98,72.25,3.93
24.9,72.83,4.9
20.72,70.99,7.93
34.08,74.57,1.35
14.97,78.25,5.29
34.1,74.58,1.33
21.92,85.37,3.46
22.02,69.92,7.38
22.26,88.97,5.45
22.86,88.04,4.71
16.75,77.3,4.75
25.73,75.54,3.78
19.92,77.05,4.51
25.93,85.33,1.92
18.17,73.3,7.01
21.33,69.9,8.12
16.72,75.43,4.97
17.21,78.9,4.65
14.83,76.63,5.29
25.96,75.59,3.7
12.84,80.06,7.91
25.6,85.2,2.0
18.98,84.02,5.18
20.37,83.37,3.97
17.63,80.93,5.07
22.55,72.22,7.71
20.28,84.7,4.67
14.98,74.92,5.78
15.17,77.38,5.07
16.28,76.62,4.9
24.67,84.77,2.28
30.64,76.81,2.18
30.1,79.97,2.99
28.07,94.57,1.37
24.67,75.6,4.06
18.02,79.57,4.34
27.38,80.17,2.63
17.82,73.1,7.3
13.0,76.15,5.72
28.08,96.5,2.47
23.98,85.37,2.65
29.17,75.73,2.76
14.28,74.45,7.48
22.77,77.77,3.8
10.58,92.55,10.6
17.45,78.47,4.65
9.5,76.63,8.99
15.8,76.98,4.84
15.02,75.95,5.31
30.03,77.89,2.97
28.18,75.39,3.14
34.28,74.2,1.53
13.0,75.7,5.7
33.39,74.23,1.33
27.65,79.95,2.59
15.43,75.8,5.2
26.86,79.06,2.83
31.03,78.73,3.15
22.57,75.82,4.35
34.53,75.13,2.53
24.6,87.08,2.35
17.55,75.9,4.72
22.62,86.13,3.67
23.67,84.95,2.71
26.39,79.48,2.87
26.53,75.87,3.51
13.95,76.62,5.53
29.93,78.52,2.17
26.0,92.87,0.9
14.03,75.68,5.74
13.54,77.3,5.78
27.57,93.85,2.46
12.82,77.03,5.91
13.23,77.12,5.86
16.47,76.53,4.84
34.3,74.25,1.33
28.78,95.88,1.95
24.53,84.02,2.39
30.17,76.54,2.35
27.68,76.45,3.12
25.05,84.63,2.19
27.6,78.05,2.81
26.27,91.37,1.07
23.83,73.03,5.64
24.77,93.9,1.5
22.72,75.8,4.34
17.69,78.87,4.53
27.16,79.27,2.75
29.84,78.75,2.75
24.68,74.13,4.53
27.68,74.07,3.58
11.57,75.6,8.4
11.77,79.38,7.98
27.24,79.44,2.72
34.65,76.02,3.62
30.1,77.75,2.2
20.13,85.15,5.37
24.28,85.17,2.46
27.33,82.7,2.29
23.2,79.95,3.82
19.08,82.03,4.21
26.82,75.8,3.5
26.9,70.92,4.84
21.05,75.57,4.46
25.35,72.62,4.8
26.53,88.72,1.31
32.67,74.83,1.98
22.82,86.18,3.58
22.82,86.18,3.57
22.88,84.13,3.24
25.08,73.08,4.74
18.2,75.2,4.8
24.53,76.17,3.87
25.45,78.58,3.24
21.92,84.08,3.16
26.3,73.02,4.27
30.55,79.57,2.31
33.19,74.15,1.54
14.53,76.35,5.38
22.23,85.65,3.49
25.48,84.42,2.13
25.05,84.08,2.26
26.2,73.94,4.08
28.88,74.07,3.16
26.72,89.88,1.11
21.73,75.15,4.68
22.47,70.07,8.29
26.1,92.73,0.9
26.38,79.19,2.91
24.92,86.22,2.18
17.61,78.88,4.55
25.55,82.32,2.55
23.63,75.13,4.46
28.05,94.18,0.75
30.64,76.05,2.29
30.8,75.82,2.28
29.28,77.42,2.47
33.98,74.27,2.06
28.06,75.28,3.21
25.1,78.8,3.35
33.78,74.07,1.3
26.21,73.07,4.29
33.34,74.21,1.37
32.6,74.87,2.1
24.43,85.52,2.37
23.1,74.15,5.44
22.17,86.63,4.56
30.03,77.83,2.22
17.74,78.47,4.64
28.33,75.68,3.03
16.33,74.78,5.19
16.43,74.68,5.2
25.38,74.3,4.25
29.8,78.65,2.19
22.52,85.63,3.26
26.13,87.62,1.57
20.78,85.72,4.7
20.82,75.97,4.32
21.85,87.92,5.92
10.95,78.08,7.07
24.32,92.0,2.54
16.95,82.23,7.06
27.07,88.47,2.37
18.33,84.13,6.79
11.73,78.97,7.38
32.4,78.25,2.47
20.27,81.48,3.75
22.67,76.73,4.0
11.83,75.33,8.25
26.43,80.37,2.8
8.08,77.5,10.4
31.33,75.33,2.23
10.92,79.83,9.06
10.07,78.8,8.76
29.7,77.03,2.41
14.78,74.13,7.44
33.0,74.9,1.4
21.62,85.58,3.79
21.32,70.32,7.56
24.98,79.92,3.21
17.25,80.15,5.04
21.83,76.37,4.14
21.82,75.62,4.43
27.9,80.8,2.47
22.08,82.15,3.37
9.95,76.27,9.21
10.23,77.47,5.19
12.95,78.3,5.91
16.7,74.23,5.41
22.53,88.33,5.18
22.65,88.45,4.89
7.22,93.73,13.34
10.75,79.35,8.51
25.15,75.85,3.82
25.18,75.9,3.8
17.55,80.63,5.0
9.53,76.6,8.96
11.25,75.78,8.53
23.4,88.52,3.67
10.4,78.67,8.22
33.58,75.5,1.47
34.42,74.3,1.24
15.83,78.07,4.95
26.85,79.5,2.79
25.22,82.72,2.49
13.24,76.86,5.79
19.28,74.37,4.96
17.87,78.76,4.54
17.22,78.03,4.8
13.55,76.01,5.67
22.5,73.75,6.24
21.53,73.43,6.58
32.68,74.76,2.13
31.91,75.45,2.13
29.92,77.07,2.34
13.02,80.12,7.92
27.57,79.35,2.66
27.51,79.51,2.66
30.02,79.07,2.5
13.35,77.98,5.89
34.3,73.95,1.73
34.12,74.81,1.36
28.62,72.97,3.51
22.17,85.62,3.52
27.78,79.32,2.61
21.85,72.13,7.92
17.5,74.75,4.97
26.7,89.45,1.18
28.19,75.7,3.08
20.03,77.83,4.34
25.25,94.47,2.3
26.89,79.65,2.77
17.92,82.97,6.15
22.44,88.1,5.49
11.7,75.53,8.35
30.04,73.95,2.79
9.82,77.15,6.96
21.95,85.32,3.43
21.23,78.9,4.11
22.05,78.3,4.85
26.8,75.64,3.51
19.25,73.15,7.19
19.5,83.32,4.36
33.23,74.39,1.48
32.96,74.41,1.93
24.6,84.82,2.3
29.79,78.71,2.13
19.9,86.12,6.38
29.87,78.72,2.47
20.27,85.18,5.22
21.42,79.27,4.39
17.07,78.49,4.77
25.4,79.5,3.09
12.85,74.9,7.83
28.93,74.89,3.0
23.1,71.4,6.98
23.43,85.32,2.83
12.42,78.38,6.22
11.83,75.67,7.85
23.48,70.47,7.54
22.42,71.87,7.37
25.13,75.58,3.95
24.54,75.71,4.04
25.7,81.35,2.74
17.28,76.22,4.74
21.78,85.97,4.03
21.32,77.61,4.16
10.92,76.43,8.0
10.47,79.73,9.13
20.23,83.28,4.0
18.15,73.0,7.23
27.05,79.39,2.76
26.65,79.99,2.79
27.23,79.25,2.74
23.1,74.87,4.75
28.37,76.9,2.8
29.82,78.53,2.27
19.72,76.27,4.47
33.77,74.35,1.72
30.66,76.84,2.16
26.18,92.73,0.85
23.32,91.32,4.33
25.05,75.0,4.14
26.49,79.19,2.88
9.18,76.55,9.57
10.98,78.23,7.21
34.45,74.29,1.23
24.75,78.25,3.49
24.03,79.2,3.71
17.75,77.9,4.65
27.08,79.82,2.72
15.85,77.27,4.89
22.84,88.42,4.59
24.98,78.27,3.42
23.6,74.62,4.83
23.35,77.07,3.97
16.62,73.9,5.62
23.63,85.0,2.75
22.6,81.47,4.25
18.75,73.55,5.41
26.99,79.64,2.75
24.82,78.76,3.43
33.53,77.5,4.8
24.37,82.95,2.68
25.05,84.05,2.26
25.07,83.95,2.28
16.55,73.62,6.83
29.89,78.66,2.34
24.86,78.86,3.43
29.12,75.52,2.82
25.5,75.85,3.73
23.97,93.22,1.9
23.37,93.12,2.21
29.98,78.62,2.11
24.97,85.1,2.16
22.53,88.32,5.19
26.52,85.97,1.72
26.25,76.33,3.44
28.04,75.65,3.16
25.65,94.03,2.81
33.23,74.63,1.49
20.18,85.62,5.54
28.12,74.76,3.29
25.35,75.53,3.86
18.12,73.0,6.99
21.18,71.65,7.58
25.53,86.55,1.91
26.82,70.7,5.01
21.51,77.52,5.27
22.52,79.03,4.63
21.43,78.97,4.08
13.18,80.04,7.66
27.69,79.67,2.6
17.97,78.72,4.51
16.97,78.35,4.76
34.29,74.23,1.37
34.17,74.27,1.51
15.2,76.22,5.19
19.83,83.73,4.45
12.46,80.1,8.35
24.53,75.65,4.06
16.75,77.78,4.75
10.08,78.75,8.71
13.93,78.27,5.55
27.69,79.65,2.61
16.1,78.3,4.94
16.03,79.95,6.48
28.23,95.0,0.85
11.15,75.97,8.38
26.75,94.83,1.07
29.54,77.49,2.39
9.23,76.87,9.15
33.5,74.83,3.61
21.43,74.43,5.45
12.71,76.95,5.94
8.77,78.1,10.07
11.73,75.88,6.29
24.38,84.53,2.4
25.85,85.6,1.9
30.4,77.95,1.96
12.48,76.87,6.04
8.37,77.0,10.22
34.1,74.65,1.34
17.67,82.23,5.67
34.11,74.52,1.28
18.93,77.48,4.56
9.8,76.8,7.56
17.83,73.92,5.24
23.72,85.5,2.66
23.8,81.35,3.45
12.92,74.82,7.88
26.62,89.83,1.13
24.65,79.15,3.42
29.98,78.7,2.04
24.22,84.67,2.5
23.97,87.17,2.91
17.97,78.86,4.49
27.83,79.47,2.59
16.13,76.58,4.97
9.75,76.57,8.89
11.98,75.95,6.17
24.71,79.22,3.39
24.82,85.25,2.19
16.17,76.88,4.91
32.89,74.74,2.09
24.59,79.18,3.43
34.51,76.27,3.78
23.8,80.8,3.52
26.42,87.43,1.52
13.32,77.14,5.86
24.37,87.42,2.56
23.8,86.28,2.76
12.42,92.93,9.36
26.75,80.88,2.68
30.93,75.87,2.24
30.9,75.8,2.25
25.75,93.18,0.92
34.03,74.68,1.37
25.55,76.22,3.61
34.42,74.23,1.24
30.38,77.81,2.03
24.5,87.13,2.43
24.58,78.88,3.5
21.7,84.67,3.32
23.27,92.47,2.61
25.2,93.3,1.39
13.7,75.67,5.82
25.58,93.77,2.25
26.77,84.98,1.87
27.23,94.12,0.62
25.18,86.08,2.07
28.33,73.2,3.55
24.37,87.2,2.56
21.85,87.22,5.5
24.17,88.27,2.8
30.72,76.25,2.24
17.44,78.54,4.61
22.22,70.23,7.56
24.11,78.98,4.03
25.47,92.8,1.14
25.5,93.12,1.04
27.75,95.92,0.92
27.03,79.39,2.77
21.72,71.38,6.66
18.03,75.33,4.8
21.08,83.4,3.53
26.35,75.57,3.61
25.3,93.43,1.79
32.8,79.18,5.53
27.32,95.9,0.96
26.03,90.17,1.35
21.55,71.35,6.88
17.18,78.71,4.69
16.17,76.52,4.95
34.0,74.92,1.36
20.2,83.7,3.94
23.4,69.88,7.83
22.32,87.05,4.61
22.83,85.12,3.03
17.98,76.33,4.87
26.87,79.11,2.83
12.02,77.25,6.2
25.2,94.47,2.79
25.68,92.8,1.03
20.78,77.67,4.2
24.7,79.02,3.47
22.88,69.82,8.48
23.83,87.82,3.24
32.52,74.76,2.12
26.28,94.25,1.36
24.55,92.6,1.99
24.87,86.52,2.19
29.97,77.04,2.33
28.07,75.62,3.14
9.92,78.12,8.14
9.83,78.08,8.26
17.93,73.67,4.19
16.75,78.0,4.77
21.08,71.78,7.86
27.23,79.05,2.76
26.75,92.35,0.75
22.0,80.7,4.1
25.03,88.13,2.04
20.55,74.53,5.0
21.17,81.73,3.45
32.27,77.17,1.85
22.58,80.37,3.89
22.82,69.27,8.62
12.5,76.83,6.03
12.92,74.88,7.59
12.95,74.83,7.78
16.18,81.13,7.17
27.5,77.68,2.89
12.92,92.92,9.04
18.05,78.27,4.52
12.42,75.73,5.62
29.02,77.63,2.52
11.8,77.82,6.28
22.42,87.32,4.73
8.3,73.0,9.71
28.83,78.75,2.44
15.42,73.78,7.24
26.67,84.92,1.89
30.58,78.48,2.52
29.47,79.65,3.4
18.9,72.82,7.44
19.12,72.85,7.41
30.45,78.08,2.72
29.47,77.73,2.38
26.12,85.4,1.88
12.3,76.7,6.09
11.8,76.0,6.53
27.54,79.69,2.63
24.65,84.58,2.32
15.47,79.87,6.96
20.87,84.4,4.02
13.11,80.3,8.13
9.93,78.12,8.12
16.45,77.43,4.7
22.87,87.98,4.7
24.77,77.7,3.73
24.78,78.44,3.56
28.45,76.11,2.92
26.4,89.75,1.21
24.03,78.38,3.77
22.69,88.15,4.99
21.02,73.15,7.23
25.03,87.32,2.11
19.47,82.58,4.11
26.72,92.9,0.7
10.2,76.72,8.34
26.13,85.63,1.84
28.42,73.37,3.45
24.85,83.78,2.35
24.05,78.89,3.8
21.55,74.7,5.05
17.53,78.59,4.63
26.02,79.34,2.98
15.68,75.63,5.17
27.87,79.44,2.59
12.75,79.67,7.35
13.04,80.23,8.07
16.53,75.58,4.98
19.62,74.57,4.93
27.57,79.74,2.62
30.77,79.48,3.79
17.93,78.8,4.56
25.65,75.59,3.76
17.55,73.98,4.89
19.32,74.33,5.02
23.1,80.23,3.84
26.43,92.03,0.91
17.52,75.47,4.82
18.23,73.28,7.05
20.83,78.25,4.09
22.83,85.03,3.02
30.71,76.84,2.12
22.07,88.05,5.85
17.25,78.59,4.67
9.48,76.75,8.92
16.55,74.68,5.24
18.93,74.32,5.05
28.05,72.48,3.84
20.25,74.45,4.92
15.85,75.12,5.24
13.03,80.27,8.17
16.38,75.37,5.05
17.43,75.53,4.81
26.08,86.48,1.74
27.92,94.38,2.18
23.77,81.22,3.39
8.82,77.8,9.53
27.19,79.27,2.75
26.53,72.97,4.2
24.9,79.19,3.36
9.98,76.27,9.2
25.02,84.82,2.17
22.6,86.43,3.93
25.57,91.72,2.1
25.57,92.07,1.84
23.07,71.08,7.42
17.77,73.83,5.28
15.93,76.58,4.96
25.08,84.38,2.21
23.5,73.5,5.79
28.8,74.94,3.02
26.37,85.12,1.89
24.75,94.37,1.82
25.42,74.55,4.17
25.68,94.63,1.78
12.87,78.77,6.21
11.57,75.77,8.06
11.57,76.15,6.56
26.57,94.67,0.96
13.24,79.94,7.47
20.88,75.15,4.71
21.84,69.38,8.36
26.8,92.6,0.72
20.43,86.6,6.13
28.23,77.45,2.75
29.75,77.23,2.37
25.53,92.47,1.65
33.14,74.33,1.72
34.68,77.38,3.73
14.07,79.6,6.94
30.63,76.89,2.17
24.65,92.63,1.89
15.03,76.08,5.27
11.98,77.45,6.23
24.08,73.23,5.21
26.8,76.8,3.22
27.17,92.18,3.1
12.57,78.7,6.27
27.5,96.25,1.04
28.38,95.8,2.69
34.51,74.26,1.24
17.87,78.2,4.62
25.32,83.85,2.25
30.19,76.99,2.28
20.76,70.67,7.97
24.2,93.6,1.97
19.68,77.57,4.48
26.38,93.48,0.72
29.2,76.77,2.59
22.8,69.72,8.57
22.65,88.09,5.08
10.92,79.75,8.93
22.03,74.7,5.16
11.72,76.43,6.28
9.83,76.75,8.31
26.7,89.28,1.19
22.1,85.88,3.69
29.92,77.17,2.33
26.12,92.33,0.93
26.28,75.38,3.69
13.73,75.33,5.99
19.33,74.35,5.05
27.7,76.85,2.99
10.77,79.85,9.16
27.17,73.67,3.83
21.1,79.05,4.04
30.55,77.3,2.0
29.62,78.38,2.26
17.0,79.25,4.9
23.25,68.85,8.5
7.98,93.53,12.65
19.08,77.33,4.44
21.33,74.25,5.5
15.47,78.48,5.29
28.0,76.08,3.07
16.43,81.7,7.1
22.95,79.18,3.87
14.45,79.98,7.36
28.57,77.12,2.71
28.58,77.2,2.69
23.0,70.22,8.49
16.92,81.67,6.22
24.47,74.9,4.33
18.67,78.1,4.38
27.23,94.12,0.62
25.07,79.45,3.22
22.33,88.2,5.64
24.66,78.81,3.48
25.32,85.03,2.08
14.18,77.37,5.48
9.55,78.7,9.39
24.65,79.01,3.58
27.02,94.17,0.61
17.53,77.28,4.74
27.0,79.1,2.8
27.2,73.73,3.8
24.09,78.41,3.74
26.2,79.45,2.92
22.75,72.57,7.36
30.36,77.98,1.98
26.61,79.78,2.81
28.96,76.88,2.64
30.25,78.12,2.01
21.45,73.72,6.22
26.42,91.43,1.0
23.83,76.23,4.0
25.31,75.62,3.84
32.99,74.5,1.73
26.97,95.05,0.68
19.72,74.15,5.02
28.82,75.5,2.92
23.3,69.72,7.78
26.63,91.73,0.88
33.59,74.24,1.32
34.12,74.68,1.35
30.48,77.13,2.18
32.94,74.38,1.91
13.17,79.22,6.4
26.35,79.14,2.92
24.77,85.43,2.22
25.32,73.53,4.49
34.01,74.55,1.43
23.77,77.77,3.79
25.42,83.43,2.32
22.17,75.58,4.48
25.28,71.23,5.53
34.22,74.69,1.36
27.24,79.43,2.72
25.38,84.2,2.19
17.74,78.15,4.6
25.07,85.03,2.14
23.85,86.03,2.61
20.35,74.82,4.82
13.9,79.9,7.38
24.6,79.25,3.42
26.83,94.3,0.62
13.51,77.0,5.77
20.38,75.33,4.63
10.23,78.55,8.24
24.07,78.16,3.72
21.62,74.8,4.94
17.85,77.87,4.68
17.65,74.2,5.17
26.97,79.21,2.79
27.23,79.76,2.69
23.52,73.07,5.98
27.97,93.85,0.99
22.02,87.28,5.21
11.28,76.25,7.92
17.25,80.43,5.23
19.37,84.47,5.83
27.52,75.53,3.4
24.02,78.8,3.81
8.93,76.53,9.82
22.03,71.72,7.28
19.1,78.35,4.26
23.78,86.72,2.96
23.63,86.82,3.21
27.45,92.63,2.88
30.23,76.62,2.32
26.32,79.0,2.94
25.68,91.63,1.83
19.23,82.55,4.24
24.75,93.43,1.32
20.28,85.1,4.96
28.93,95.02,1.96
27.43,92.13,3.19
21.88,87.77,5.78
17.53,78.77,4.57
22.48,69.12,8.56
15.57,80.05,7.13
25.98,79.5,2.96
18.17,76.05,4.85
20.13,73.92,5.17
14.47,76.93,5.33
24.42,82.98,2.6
24.52,73.37,4.8
27.76,79.11,2.64
22.31,69.02,8.4
12.32,79.72,7.95
12.72,79.2,6.77
12.84,79.95,7.73
30.09,73.9,2.78
26.7,92.33,0.77
26.82,91.87,0.8
22.47,78.43,5.49
34.03,75.33,1.96
10.77,76.65,7.87
8.73,77.75,9.5
9.27,78.3,9.79
23.62,86.78,3.13
15.48,73.82,7.23
24.72,80.17,3.42
29.03,79.47,2.32
20.3,86.68,6.32
11.5,79.77,8.79
19.27,76.83,4.47
28.1,95.38,0.87
30.33,76.47,2.31
25.6,85.1,2.02
22.77,81.9,3.73
27.13,72.37,4.18
20.48,84.27,4.03
28.33,75.58,3.06
11.92,79.83,8.6
21.65,69.67,8.19
11.67,92.72,9.72
9.0,76.92,9.42
22.23,76.4,4.08
18.53,73.85,5.39
18.5,73.9,5.31
19.8,85.82,6.45
25.77,87.47,1.73
23.33,86.42,3.02
19.92,77.58,4.3
25.4,72.98,4.66
8.23,77.33,10.2
26.75,79.02,2.85
34.0,74.36,2.75
25.05,84.92,2.15
20.75,75.67,4.43
26.46,79.31,3.31
34.17,74.53,1.27
30.05,74.85,2.64
13.24,80.26,8.0
10.92,79.35,8.33
24.65,92.9,1.73
13.15,80.07,7.72
22.07,80.75,4.11
17.82,74.12,5.06
25.43,91.37,2.07
12.92,79.58,7.09
19.98,84.88,5.29
22.55,88.49,5.0
19.8,78.6,4.0
30.65,79.57,3.21
26.73,91.92,0.82
22.3,76.77,3.93
16.82,74.12,5.21
22.25,84.8,3.27
23.83,73.4,5.33
11.05,75.87,8.62
12.22,78.07,6.17
32.97,74.95,1.6
10.38,76.82,7.46
8.78,76.7,9.88
18.77,84.08,6.11
19.6,76.22,4.46
21.8,86.73,5.3
22.21,88.17,5.89
24.63,73.38,4.71
22.71,88.0,4.98
25.38,86.7,1.97
24.67,79.01,3.54
24.68,79.12,3.43
28.32,76.78,2.83
26.58,90.22,1.11
9.27,76.78,9.21
24.87,78.86,3.42
24.14,78.75,3.78
24.55,79.23,3.44
25.06,78.99,3.3
24.25,78.31,3.64
27.72,79.02,2.66
22.4,88.85,5.19
27.77,79.37,2.61
23.67,85.28,2.68
33.2,74.19,1.53
22.38,85.42,3.39
14.88,79.02,5.95
17.08,82.13,6.74
15.8,79.77,6.48
26.95,79.66,2.76
12.98,79.98,7.71
12.25,75.3,7.7
10.98,76.23,8.15
8.97,76.62,9.8
23.9,92.92,2.03
27.0,79.23,2.79
25.67,94.5,2.93
25.1,93.43,1.35
26.27,92.58,0.86
26.42,79.05,2.92
24.72,75.58,4.06
24.63,85.8,2.27
23.5,68.5,8.93
27.55,73.67,3.7
25.75,93.97,1.66
25.45,86.02,1.97
12.34,76.1,6.07
25.33,84.42,2.16
22.57,87.18,4.46
28.38,74.81,3.19
19.7,84.82,5.79
15.28,79.8,6.97
13.32,80.2,7.84
13.13,80.23,8.02
11.48,79.77,8.81
21.55,86.43,5.13
22.98,75.7,4.33
10.55,76.62,8.01
19.62,75.02,4.75
27.23,95.93,0.94
9.0,76.93,9.37
25.27,72.23,5.05
9.43,76.35,9.48
24.02,78.78,3.8
24.64,79.08,3.42
23.78,84.35,2.64
13.11,79.94,7.55
24.53,79.05,3.5
15.23,77.73,5.12
22.22,70.75,7.03
14.47,78.45,5.53
26.83,92.75,0.7
24.87,87.1,2.23
21.65,74.7,5.09
22.55,86.45,3.98
33.58,75.08,1.5
33.65,75.38,1.83
25.17,85.07,2.11
16.2,77.35,4.82
21.88,83.38,3.14
21.23,81.65,3.44
23.32,77.83,3.91
24.0,76.72,3.86
22.3,70.78,7.05
21.1,81.03,3.6
18.77,79.43,3.98
23.32,85.32,2.88
23.32,75.05,4.55
16.98,73.33,7.14
26.98,84.85,1.88
16.55,79.55,5.52
24.53,81.3,3.16
28.83,76.58,2.72
29.85,77.88,2.26
23.52,91.48,3.96
23.15,87.32,3.97
19.85,84.48,4.8
22.37,87.78,5.45
17.68,78.97,4.5
20.6,85.07,4.22
18.98,75.5,4.69
20.4,76.15,4.57
21.43,76.7,4.08
27.0,79.88,2.73
9.67,78.85,9.5
28.07,94.13,1.23
26.7,79.85,2.79
33.8,74.27,1.37
21.93,75.13,4.75
21.62,75.98,4.3
20.32,77.02,4.45
30.32,80.28,4.06
19.22,83.67,4.96
15.95,75.3,5.17
21.62,83.72,3.28
24.57,87.25,2.35
27.17,84.32,1.97
22.0,88.21,5.91
26.33,86.15,1.73
26.83,79.24,2.82
17.88,78.02,4.6
9.38,76.82,8.84
24.68,84.52,2.29
23.62,87.13,3.3
26.65,90.4,1.05
20.58,84.37,4.13
12.93,79.33,6.73
23.6,71.57,6.62
34.06,74.6,1.35
18.82,84.53,6.55
14.42,75.5,5.66
28.77,74.58,3.1
26.05,87.7,1.58
22.35,73.35,6.37
28.98,75.68,2.84
25.37,75.64,3.82
13.11,80.12,7.87
27.18,82.28,2.38
14.62,75.62,5.51
29.77,73.75,2.92
30.42,77.94,1.95
18.79,72.93,7.42
25.32,90.43,1.78
30.47,79.68,3.68
12.97,78.28,5.91
26.34,78.95,2.95
21.78,85.13,3.4
29.72,77.27,2.37
25.05,74.47,4.3
27.78,79.45,2.61
22.77,88.77,4.55
26.42,92.73,0.79
21.62,87.02,5.92
27.03,95.28,1.04
16.4,74.0,5.55
30.73,76.06,2.26
27.61,79.58,2.63
24.0,76.72,3.85
25.02,72.53,4.98
21.72,78.83,4.16
30.71,76.01,2.27
29.95,77.19,2.32
28.23,75.29,3.14
21.73,69.49,8.3
28.35,73.96,3.36
10.97,79.82,9.02
24.09,78.02,3.66
25.23,87.07,2.02
23.85,78.75,4.01
21.75,88.05,6.0
11.65,78.17,6.55
21.47,83.97,3.41
20.85,88.25,6.09
16.85,74.6,5.2
17.7,74.02,5.25
24.57,80.83,3.28
25.98,76.37,3.5
22.08,79.55,4.57
27.88,79.9,2.55
23.43,76.32,4.07
25.67,76.68,3.48
25.57,91.88,2.05
31.1,77.17,2.55
13.93,75.63,5.79
14.07,74.53,7.44
25.33,77.65,3.6
24.42,81.87,2.98
27.62,75.13,3.42
24.82,92.8,1.65
24.92,92.98,1.44
18.85,79.97,3.95
17.67,75.9,4.73
23.65,87.7,3.43
29.92,73.88,2.84
34.08,74.83,1.36
26.25,82.0,2.54
31.53,76.9,1.65
26.13,86.58,1.71
21.2,72.83,7.69
23.88,87.53,3.11
22.85,88.57,4.47
23.87,73.57,5.27
20.32,83.93,3.91
30.53,76.91,2.18
24.95,94.03,1.47
26.55,85.87,1.73
27.63,77.48,2.89
22.29,88.14,5.75
27.8,78.85,2.66
25.25,87.65,1.98
27.77,95.6,0.85
25.3,84.08,2.22
22.37,92.83,3.29
21.62,72.9,7.76
33.83,74.11,1.3
25.97,75.74,3.66
18.28,76.88,4.82
27.62,91.72,2.98
33.7,74.09,1.28
21.78,80.83,4.13
32.99,75.0,1.48
25.85,85.78,1.88
23.02,68.98,8.59
20.95,79.97,3.68
30.19,77.0,2.27
17.43,75.2,4.91
21.03,76.67,4.1
22.96,88.09,4.52
15.17,78.3,5.29
21.95,79.3,4.59
22.3,71.2,6.38
34.04,74.8,1.35
21.58,83.82,3.31
20.05,85.08,5.32
28.5,79.1,2.48
22.37,70.62,7.47
26.0,72.48,4.6
33.29,74.12,1.38
23.63,84.37,2.83
32.87,74.68,2.06
25.27,85.8,2.05
27.0,79.18,2.79
9.85,78.75,9.09
25.18,80.3,3.07
24.52,84.98,2.31
20.4,76.22,4.54
30.67,76.77,2.17
24.89,78.35,3.46
24.77,78.37,3.55
28.02,75.64,3.17
24.58,80.83,3.27
13.43,79.98,7.48
9.37,77.93,8.98
21.65,78.78,4.17
9.18,78.45,9.81
23.08,87.82,4.3
11.43,78.37,6.6
23.4,79.67,4.23
24.65,72.6,5.13
24.85,72.23,5.13
25.4,85.98,2.0
20.12,76.47,4.59
19.8,76.87,4.51
27.33,88.63,2.48
26.65,91.92,0.84
10.78,79.13,8.25
26.62,92.78,0.73
22.07,75.4,4.59
8.48,76.95,9.97
8.47,76.95,10.1
24.77,78.83,3.47
13.67,79.38,5.75
10.77,78.72,7.9
13.67,79.58,6.83
12.48,78.57,6.29
13.15,79.53,6.9
20.3,83.3,3.96
9.73,79.03,9.65
26.17,75.75,3.61
13.33,77.08,5.84
8.8,78.15,10.09
8.75,78.18,10.13
24.58,73.7,4.65
24.62,73.88,4.61
23.18,75.78,4.27
22.5,87.95,5.38
23.53,80.88,3.65
31.47,76.27,1.99
11.4,76.73,4.4
22.57,72.93,7.44
25.3,83.02,2.42
25.45,82.87,2.44
10.37,79.85,9.36
12.92,79.15,6.5
15.87,73.63,7.32
20.9,70.37,8.01
23.53,77.82,3.86
17.68,83.3,6.8
17.72,83.23,6.85
18.05,79.37,4.31
20.67,78.58,4.12
20.4,78.15,4.6
